gene_id,NEUTRAL,SELECTED,locus,fpkm_geomean
rssA,0.03095367575914661,0.0261583113226583,b1234,4.589
hscA,0.01673245636113531,0.0183128913878189,b2526,4.606
ispH,0.03464549404606647,0.03340270124905084,b0029,4.936
dnaG,0.01954337605512333,0.0104162628142312,b3066,4.854
ldtA,0.02559673833652191,0.03103542311241984,b1990,4.609
tgt,0.02703150697633685,0.01792673498411995,b0406,4.856
pabA,0.03894769668362742,0.0370971907281431,b3360,3.329
napB,0.05533164153035948,0.05710022300931391,b2203,2.676
glnA,0.02980185068501644,0.02085382607313472,b3870,7.263
pgk,0.0604310662963206,0.02685623947825718,b2926,7.467
menB,0.04106310848670119,0.04144743986277392,b2262,4.963
argB,Inf,0.05706722174353267,b3959,5.559
rseB,Inf,0.02119324097700681,b2571,5.265
cysI,0.02558572235800157,0.0123897480740199,b2763,5.737
can,0.03588407304468326,0.04569443281310842,b0126,6.812
aqpZ,0.0978678257885556,0.04200820648939932,b0875,3.294
cysE,0.05394768002787235,0.02990258825423661,b3607,4.916
opgB,0.01601685256934382,0.00986617860121089,b4359,3.864
glgA,0.02198217375938729,0.01637519491634468,b3429,5.964
yjjG,0.03835601962811595,0.02785065746219592,b4374,4.102
thiK,Inf,0.02797156214881794,b1106,3.775
lolE,0.07169996791867159,0.02082855437219934,b1118,4.433
leuA,0.02030720835830446,0.01916466731114206,b0074,6.644
arcB,0.01208917440879896,0.01043991500184277,b3210,4.241
recX,0.0692258988076406,0.05271176148661944,b2698,1.411
dcrB,Inf,Inf,b3472,5.293
sspA,Inf,0.03438176140582939,b3229,6.076
recA,0.08748379083332412,0.03116494364219192,b2699,6.015
pqiA,0.02958615950463554,0.01725242896277656,b0950,2.887
nrfB,0.08598393678138934,0.03657985102519735,b4071,1.29
mrcB,0.07457629298327874,0.01001719679161197,b0149,3.975
proS,Inf,0.01755757460156905,b0194,5.881
marR,0.08451027620121028,0.04383510974255023,b1530,3.321
pepT,0.04287769611110207,0.0187255105619109,b1127,5.407
murJ,0.07386065636197735,0.01960984435945201,b1069,3.13
potF,0.07392203382021668,0.02163103968560067,b0854,4.758
lysC,0.0272916531119244,0.02238809198323446,b4024,6.845
moaC,Inf,0.09292587657098147,b0783,5.733
bssR,0.09397629930780112,Inf,b0836,6.426
pmbA,0.02815567248204528,0.01937220363840865,b4235,4.907
secD,Inf,0.0156424314245769,b0408,5.346
zitB,0.03431685024636378,0.02113119710266875,b0752,3.803
cspD,Inf,Inf,NA,NA
mltA,Inf,0.02453014991941154,b2813,4.433
pta,0.03240978421512272,0.01710031124984274,b2297,5.601
frsA,0.02489558628118449,0.01835167450988276,b0239,4.518
yigL,0.03063109131958403,0.02805971956231163,b3826,4.432
mpl,0.02354966589915651,0.02058694455230154,b4233,5.22
glpX,0.03750005260438775,0.03026413729013703,b3925,4.155
mnmC,0.01879504355166943,0.01170629876086667,b2324,3.317
betB,0.03391992551525408,0.02338588831882995,b0312,3.239
nhaB,0.02829308384114887,0.01796353865943376,b1186,4.31
nrdI,Inf,0.10159046310832023,b2674,4.229
dusC,0.04242985297280981,0.02900352710513839,b2140,2.732
trkH,0.03908166540694968,0.01808109733577929,b3849,3.925
bacA,0.03957805885618268,0.03377655771689547,b3057,4.06
zinT,0.07884303970902479,0.03275864666692444,b1973,2.242
rimJ,0.03859481602852814,0.03264016901695318,b1066,5.108
holB,0.02789505981808697,0.02552723035600184,b1099,3.649
ribF,0.03666323837775303,0.02093164544105261,b0025,5.456
sapD,0.03373182947303619,0.02209271550536188,b1291,4.265
hisF,0.03535942735262799,0.03356934206986206,b2025,6.108
lpxD,0.03500587838018744,0.02851318747825129,b0179,6.332
tdcB,0.0260800766035456,0.02645829910832336,b3117,-0.2067
ftsI,0.01558353797293822,0.01403050477135339,b0084,4.675
nagK,0.03356297026333939,0.02854461863154742,b1119,4.621
exuR,0.02448583348112684,0.0310506086478041,b3094,5.313
gcvT,0.02163060707615245,0.02266381532664441,b2905,4.114
udk,0.07223610845086409,0.03645638647009262,b2066,4.508
paaK,0.0240834605515081,0.01600192658395092,b1398,2.408
cysQ,0.05834145765921322,0.03696887994737816,b4214,4.842
ackA,0.03600799805808324,0.02341852497578448,b2296,6.343
fixX,0.18259410430839,0.08936460695389266,NA,NA
hemG,Inf,0.0309858221566053,b3850,4.675
hemN,0.02169652101976011,0.01682232050851679,b3867,4.478
fabA,0.1419046667618096,0.05264874135548072,b0954,7.07
rbsD,0.08084567953290897,0.06125213328338328,b3748,4.487
phnC,0.0411256623192416,0.03593176694336181,b4106,-6.637
tatD,0.0548233291363854,0.02783649293895029,b4483,3.064
rpmE,Inf,0.2980183531746032,NA,NA
sseB,Inf,0.0235508110141374,b2522,4.777
pepP,0.02235375800454125,0.01980454409331688,b2908,5.465
speE,0.03678805695884422,0.02811331460289197,b0121,5.62
gabD,0.03619777072782208,0.02142832639206552,b2661,3.925
deoD,0.097976039033334,0.04050470035110867,b4384,6.266
yhhY,0.04274267441197386,0.05747986038232251,b3441,3.588
mliC,Inf,0.0732689037153323,b1639,3.534
recN,0.0188147857667531,0.02031923703728911,b2616,3.144
queA,Inf,0.02242581493752963,b0405,3.756
aroC,0.03168037539002089,0.02372028967148407,b2329,5.295
psiE,0.10298374625984516,0.04406813119725207,b4030,4.33
adk,Inf,0.05876991018675383,b0474,6.593
citE,0.08229468434095714,0.03701753410630978,b0616,-4.347
rng,0.02267585207262687,0.01645336094479742,b3247,4.765
cydC,0.06941265054149261,0.01578416517755326,b0886,4.17
purL,0.01031939713090339,0.00747995741263636,b2557,5.04
mrcA,0.02089461774792702,0.01032855984895529,b3396,3.121
gstA,0.07808997493179164,0.02726759689624949,b1635,5.387
ubiE,0.07843357692382354,0.02733421547613871,b3833,5.47
hxpB,0.10639233353524476,0.04110047082246757,b1727,4.794
nth,0.0358059223405251,0.02633814356588977,b1633,3.587
phoR,0.02866697484352092,0.0177508400150787,b0400,2.718
nfuA,0.07252388189370325,0.04594069235307929,b3414,5.536
glpQ,Inf,0.01824070660387514,b2239,3.837
galR,0.0284828828164965,0.03071789005677664,b2837,3.926
clcB,0.02838615249545369,0.03602448137331846,b1592,1.76
ulaD,0.07872527532724458,0.06523664303006502,b4196,2.66
mnmE,Inf,0.0184012364204659,b3706,4.454
dnaE,0.01269251298406889,0.00647626431273821,b0184,4.194
maeB,0.01772513904643049,0.01109931926517896,b2463,4.347
tdcA,0.02794736087503729,0.01935634458315605,b3118,1.233
hflX,0.02641160619635709,0.01971949354858503,b4173,5.708
brnQ,0.03611635652957491,0.03536884603620442,b0401,3.961
rnhB,Inf,0.04494878678320238,b0183,3.957
nuoJ,Inf,0.05892088610218345,b2280,4.627
cho,0.0370670607470162,0.02754072373395241,b1741,2.974
kdgT,0.08727729252011211,0.02759781888730433,b3909,1.981
fumC,0.02576095425998796,0.01744965786823978,b1611,3.086
otsB,Inf,0.02645751275919696,b1897,4.882
recG,0.0228441444668313,0.01270926740228569,b3652,3.617
pxpB,0.03863973756511671,0.0359700799831808,b0711,5.306
rpsN,Inf,0.1760660306053975,b3307,8.425
rne,0.01836271470002894,0.01005980473288024,b1084,5.455
yegS,0.03321880038005971,0.02935749836146861,b2086,4.377
ligB,0.02915833604409756,0.01418991420957258,b3647,1.347
ubiG,0.04211573595353965,0.02721811358375347,b2232,4.809
dusB,0.02864615251573462,0.01933909213202673,b3260,6.076
rlmG,0.03389355375351242,0.01850547252693807,b3084,2.968
def,0.03220737375499281,0.0422954951699398,b3287,6.25
dinG,0.01678749258177265,0.01117155461642855,b0799,2.502
cycA,0.03607552903915494,0.01544800493268314,b4208,4.833
nudK,0.02853469698799369,0.04698250048728518,b2467,4.473
citF,0.02452579428265,0.02414397629008059,b0615,-0.6999
napC,0.03724678031604438,0.03132342078273751,b2202,3.672
purF,0.0207923010937319,0.01969515058124616,b2312,5.33
glpB,0.02041396752789901,0.02073047386260355,b2242,0.4144
pyrB,Inf,0.02964047170651142,b4245,7.217
cof,0.03862771370733583,0.02927908134026478,b0446,3.1
kdpB,0.0233595948444794,0.01336260811788286,b0697,1.228
ldcA,0.02998876880695062,0.02584561966431746,b1192,3.902
pdxJ,0.1504402961326981,0.04759022444532915,b2564,5.273
artJ,0.04781305940854018,0.04038010623082604,b0860,6.657
cysM,0.04424107079277967,0.02383258186618359,b2421,5.021
speB,0.03359925869126852,0.02756174481728579,b2937,4.315
qseG,0.04422760716348634,0.02526059861331555,b2555,3.799
ygfZ,0.04389829045031607,0.02204599695353403,b2898,5.872
gudD,0.02773650389589848,0.02035443973240133,b2787,2.466
asnS,0.04094889152455611,0.01880120675903484,b0930,6.283
ilvA,0.02763317620457143,0.01804151255793384,b3772,4.252
bglJ,0.04306344622020084,0.02584272156899748,b4366,1.033
argC,0.02859486660941682,0.02939520493289787,b3958,5.333
agaV,Inf,0.04350652571634715,b3133,1.748
astB,0.02316029138115044,0.02161756442414856,b1745,1.81
metH,0.01179950473522406,0.00740427201520553,b4019,5.164
phoQ,0.02009186778745531,0.01443630068936264,b1129,4.47
rodZ,0.07333003817576238,0.02377887150692449,b2516,5.27
flgH,Inf,0.03827258950386183,b1079,1.074
nlpE,0.08029837813991345,0.0257053574298379,b0192,4.08
fbaA,0.04922058481757108,0.03832845891971527,b2925,7.652
gntK,Inf,0.04779207365056635,b3437,2.473
setB,0.0387104138031921,0.02339886604186791,b2170,1.127
miaA,0.06994557615083798,0.02334369761404483,b4171,6.277
gapA,0.07648828345433722,0.04236926396408391,b1779,9.418
pcnB,0.02905852274861204,0.01442367072329734,b0143,5.373
srmB,0.0743005460831138,0.01512181827997351,b2576,4.633
nrdB,0.02394198807979751,0.02756161588587011,b2235,5.378
paaX,0.03784959448486181,0.02235449412109422,b1399,3.836
rof,0.07370181405895694,Inf,NA,NA
lepB,0.03016682965271184,0.02007428500246924,b2568,5.296
grxC,0.10991071428571428,0.06353351757369614,NA,NA
bioH,0.05647430226962199,0.02605482576806662,b3412,3.579
purH,0.02701530692007123,0.01848407796977573,b4006,5.043
zwf,0.02171946098843462,0.01606429905123644,b1852,6.068
yfcE,Inf,0.0462816387786007,b2300,5.184
rbsK,Inf,0.02753948499345877,b3752,4.183
menC,0.02713245587246586,0.03162714377667545,b2261,4.305
leuS,0.01722026546263167,0.0108815513540777,b0642,5.757
argE,0.0246695639019616,0.02192347207927754,b3957,5.295
ispG,0.03081463057624005,0.02861719989534715,b2515,5.61
glgX,0.01594634465755969,0.01317385402584127,b3431,5.55
gutQ,0.02533004759103094,0.03511126747093672,b2708,3.816
rhtA,0.12319642252654532,0.02358600803953692,b0813,2.338
arnC,0.02693181772903437,0.02204821407786119,b2254,2.655
iclR,0.04533624121237445,0.0265041776704067,b4018,4.553
hycC,0.02584887460849525,0.02079555277451004,b2723,-0.1568
kdsD,Inf,0.02293794672531136,b3197,4.706
accB,Inf,0.07670434651133182,b3255,6.472
lsrB,0.06394354588672656,0.0211303302159803,b1516,2.072
cmk,Inf,0.03197754805110438,b0910,4.452
argS,0.02044913321835221,0.01597443766348014,b1876,4.945
viaA,0.02514039368972701,0.018306087095219,b3745,3.752
topA,0.01714672496175853,0.00864684596236524,b1274,5.192
fabH,0.03662169555330744,0.02464574447917224,b1091,5.473
bcsE,0.02084799443025306,0.01685016860197491,b3536,5.142
rppH,Inf,0.03964602376108114,b2830,6.289
iaaA,0.04075595521265746,0.02779610684979311,b0828,5.833
phoH,0.02866355139972666,0.01561472891135144,b1020,4.227
dam,0.03009303104113511,0.01851076626639329,b3387,4.477
uraA,0.03289547523030652,0.02232573458023271,b2497,4.856
ampD,0.04652409812369283,0.03050440965390599,b0110,4.258
grcA,Inf,0.06726127638194737,b2579,7.926
malQ,0.0172730066826164,0.01199329805733879,b3416,4.192
pncC,Inf,0.04596693808629149,b2700,4.102
alaC,0.03040278457417368,0.01938060695421059,b2379,4.233
ptrA,Inf,0.00779421167281107,b2821,3.424
citC,0.02683688038279614,0.0183559025821045,b0618,-8.066
galE,0.02568008384981063,0.02680170502033814,b0759,4.433
dppD,0.03177590012104583,0.02850643052680546,b3541,4.495
mukF,Inf,0.02054407268216514,b0922,3.986
argR,Inf,0.04375287881954519,b3237,6.289
araD,0.08334765455003551,0.03123823594078839,b0061,0.7902
srlA,Inf,0.0338857938634867,b2702,0.9133
yeaG,0.01832663820636023,0.00976036617453886,b1783,5.657
aat,0.03854199164316153,0.02652705105567162,b0885,4.338
smpB,0.10062626839749028,0.05467519276426055,b2620,5.391
sbcB,0.02159984318825028,0.01457809231314868,b2011,4.065
atpA,0.03640234811146977,0.02592605706589631,b3734,7.384
livH,0.03200728893532898,0.04432169911167476,b3457,4.486
cdsA,0.051840253126659,0.02502183346645704,b0175,4.637
aroH,0.02683810538370976,0.0212102224754272,b1704,5.114
acnA,0.01490185194493054,0.00869431839934614,b1276,4.713
glmU,0.02683286823296955,0.02441709629348118,b3730,5.912
mepA,0.0786107407320128,0.02374726073720611,b2328,4.293
yciV,0.0339311444146979,0.02383545111742755,b1266,4.232
nfo,0.03345068596689967,0.02704707250340614,b2159,4.511
ppnN,0.02344318609743763,0.01706574571552634,b2795,5.063
ulaG,0.02848765569425675,0.02482640464244178,b4192,2.082
ulaB,0.0938011828239101,0.18859363189720332,b4194,0.4053
rplE,Inf,0.03727111205859021,b3308,8.084
sufA,Inf,0.0710494069422641,b1684,4.562
secB,0.05410623800802373,0.06934994522719298,b3609,6.65
nupC,Inf,0.03036810147360358,b2393,4.972
ilvE,0.03006253798892811,0.03029186218285869,b3770,5.53
tpx,Inf,0.06591179653679655,b1324,7.533
tsaB,0.04974678892840864,0.0598408090668169,b1807,4.115
gpmM,0.02142948407885896,0.01985143096852116,b3612,6.804
wcaD,0.074914770416652815,0.01823839732072494,b2056,-0.08587
btuD,Inf,0.02846840920969916,b1709,4.306
malP,0.01406322002626947,0.01095706220301727,b3417,4.793
yfbR,0.08352515285296117,0.03824506792569383,b2291,3.954
uspE,0.0750684529235427,0.02497351387614134,b1333,6.319
gpsA,0.02816566776470967,0.0232164729036121,b3608,5.077
corA,Inf,0.02310517208330639,b3816,4.656
nikA,Inf,0.01604396509982734,b3476,3.098
tyrA,0.05403554894009906,0.0200673091922433,b2600,5.168
nrdR,0.08732900842844027,0.05405698936163754,b0413,5.553
aspA,0.02603394755047379,0.02330578643467577,b4139,4.98
nuoE,0.04599217437358464,0.03874261223084274,b2285,5.959
dnaX,0.02097895168095235,0.01415300856728357,b0470,4.237
mlrA,0.04697145674042691,0.03847712401524077,b2127,4.245
uspB,0.0927950596412135,Inf,b3494,4.555
mtlD,Inf,0.02431626899898162,b3600,5.03
fruK,0.07755206078666174,0.02763368417483482,b2168,4.511
citG,0.03263579354133064,0.02793499983539499,b0613,-7.765
bamD,Inf,0.03787747558716373,b2595,5.849
cmoM,0.05092186873672446,0.02831980750514831,b0921,4.705
nrfA,0.0207702878108318,0.01591069068054556,b4070,2.809
queE,0.04512515176576116,0.02439048482156819,b2777,3.306
narJ,Inf,0.04526296391042096,b1226,2.9
malM,Inf,0.03111736404703593,b4037,3.617
rna,0.03526408555654065,0.02495831298206705,b0611,4.842
minE,Inf,Inf,NA,NA
cyoE,0.03320167440985613,0.02282935278683454,b0428,5.387
sodC,Inf,0.07006147428313578,b1646,5.155
flhC,0.04055759419152277,0.04824308456348292,b1891,3.578
fliZ,0.04935585431052464,0.03051692258992313,b1921,2.315
tadA,0.03717068930546704,0.05810361265718409,b2559,4.021
lpxK,0.03765041003341392,0.04423670536077824,b0915,3.683
leuB,0.02753974904620743,0.02347818442350565,b0073,6.542
plsY,0.03632194741343879,0.03035935419189701,b3059,4.013
pyrH,0.0842725392292492,0.03618678457232879,b0171,5.254
aroL,0.10181851899008762,0.08714984052547388,b0388,5.337
hslJ,Inf,0.09065885659661876,b1379,3.781
metJ,Inf,0.10488828989573036,b3938,5.764
secA,0.03209143350635618,0.01078585520979938,b0098,5.286
envZ,Inf,0.0187896163532794,b3404,3.882
paaI,0.05369278944360114,Inf,b1396,1.297
amyA,0.0196066303306084,0.01554315373730098,b1927,5.042
sufD,0.02518026985535889,0.02004659614384059,b1681,4.75
fldA,0.05045137024107889,0.06008297136937564,b0684,6.345
phnN,0.0455648999582189,0.04049047093921247,b4094,1.44
entF,0.0114343767796654,0.00842959247443937,b0586,3.929
relA,0.01536428638175562,0.01240992254357769,b2784,4.797
glpK,0.03419379824882339,0.01746448708646078,b3926,3.069
greA,Inf,0.04827754216809242,b3181,5.297
pgm,0.02066202525101024,0.01796113260378953,b0688,5.797
ruvC,0.08471870820169398,0.04075182391631567,b1863,5.314
elbB,0.10133476333963833,0.03404282213822934,b3209,4.741
gshB,0.03158180605818932,0.02167203785106058,b2947,4.98
acrA,Inf,0.02647647040773185,b0463,5.103
glgC,0.0252796747804581,0.02097279159571637,b3430,6.385
rluC,0.07508843809846508,0.01964975648154573,b1086,4.516
sstT,0.02808843686590805,0.03327012524365291,b3089,5.698
rssB,0.03831997549832076,0.0284334547898238,b1235,4.631
wcaL,0.0509046424683425,0.01870000061873973,b2044,1.575
aas,0.02200811577070244,0.00944375448139235,b2836,3.734
glpT,0.02600211665707375,0.01884524130251072,b2240,1.226
ppdD,Inf,0.05432005494505494,b0108,-12.15
rffC,Inf,0.05637649988482628,b3790,3.329
alkB,0.04416414355953983,0.03826598421530611,b2212,2.381
mreB,0.03665923697608827,0.02851449966277357,b3251,6.043
truA,0.05157696157677238,0.02308520485656329,b2318,3.705
gabP,0.03010965987601826,0.02144132241250098,b2663,2.703
cheA,0.02406356602846531,0.0129209272814891,b1888,1.22
rsmG,Inf,0.03767911090607924,b3740,3.82
trkA,Inf,0.01626969740771383,b3290,4.365
radA,0.04132574074908532,0.0185841858036299,b4389,4.234
wzyE,0.03727078124729941,0.02677141412080759,b3793,2.447
znuA,0.08066972280758318,0.01680452248848111,b1857,4.157
dut,Inf,0.05442870435211122,b3640,5.305
tomB,0.12100200273712178,0.06386160714285716,b0461,5.03
arsC,0.10754200164914454,0.04053249301446417,b3503,2.717
ilvB,0.02137449205860132,0.01592961374070521,b3671,5.275
asnB,0.021477398536448,0.01522790919967171,b0674,5.184
gloB,0.03692521930685254,0.01958597200005521,b0212,4.669
pepQ,0.02240975434898067,0.02275248616244696,b3847,5.36
pflA,0.03611458157762654,0.03090657664151013,b0902,5.072
treB,0.02438107635260891,0.02264445746481504,b4240,2.317
pgsA,Inf,0.06019098133492571,b1912,4.956
fetB,0.04088997061940785,0.03745827236550642,b0491,3.613
cybB,Inf,0.03043223204811616,b1418,5.598
ileS,0.0169369287914476,0.00996277616145575,b0026,5.987
nuoB,Inf,0.03132214339617614,b2287,6.201
ppx,0.02483946266004439,0.01343797637803591,b2502,4.849
dsbB,Inf,0.04253107012035584,b1185,4.859
tyrB,0.02674635932512736,0.01888750042942372,b4054,5.437
tldD,0.02187644962577614,0.02001668132915839,b3244,4.847
csiE,0.02413334675670687,0.01546541958324337,b2535,3.233
entD,0.03493470903320468,0.02808730625372546,b0583,2.496
lapB,0.0270739727815034,0.02536738647439393,b1280,4.461
ppc,0.01646555497675779,0.01129409974516503,b3956,6.571
nuoI,Inf,0.04103051662722384,b2281,4.668
fadB,0.02410136050483476,0.01216753573454465,b3846,1.805
ydfG,0.082933529858318,0.04917075677009975,b1539,6.407
carB,0.01482915377431478,0.0099577199583609,b0033,5.826
rlmB,0.05720475562660387,0.03897934446109599,b4180,4.33
msrA,0.03957954125233947,0.03346398596773348,b4219,5.421
fre,0.04007105298520683,0.0313646436248919,b3844,5.313
mdtG,0.07385062612330667,0.02374486982596494,b1053,2.135
hflD,0.08042517313593997,0.040110831132592,b1132,4.764
ptsG,0.03181731029413928,0.02146961523829093,b1101,7.256
yfcF,Inf,0.02666646801276494,b2301,4.363
gntU,0.0405544788998726,0.02584083220198919,b4476,1.597
argG,0.02292145293136495,0.01899741859486522,b3172,6.522
dgt,0.02184892112436044,0.01427658811479572,b0160,3.979
sbcC,0.01483318959617451,0.00861039381445302,b0397,3.018
bioD,0.09367718408892949,0.02772543592820359,b0778,3.933
nudC,0.03633490966565735,0.03123249173060793,b3996,4.339
nikE,Inf,0.03233361382510659,b3480,2.398
dsdC,0.02672114596535619,0.03161875087544524,b2364,3.139
norW,0.03061783394050124,0.02581631102069765,b2711,1.443
ftsA,0.02423388558973439,0.03877760109526352,b0094,5.084
lpxB,0.03016024205135559,0.01610170289051304,b0182,4.712
rpoA,0.04836269268805202,0.02144389155207126,b3295,8.319
cheR,0.07489702634645076,0.02685049824587651,b1884,0.8991
citX,Inf,0.08654863813689365,b0614,-8.814
arnA,0.01625605142734305,0.01259529493455732,b2255,2.901
pgl,0.0302537624625533,0.02589686667558703,b0767,5.71
sthA,0.01849106112603456,0.01863054075068768,b3962,4.89
dinB,0.02940664124536788,0.01999606157892907,b0231,3.049
ghrA,0.03434743950094367,0.02983390228445157,b1033,4.938
gyrA,0.02139331861970327,0.01234772261574133,b2231,5.849
ubiI,0.02660298738747903,0.02078649259056892,b2906,4.202
holC,Inf,0.04214367172814975,b4259,4.821
ydiK,0.03477645718112798,0.03053026794615633,b1688,4.22
cmoB,0.03142702191186346,0.02247874328812936,b1871,4.209
infB,0.0437181479047915,0.0142673298355035,b3168,5.938
rihC,0.03167337579218765,0.02145788896337232,b0030,3.098
ravA,0.0254045056573328,0.01688176924750817,b3746,4.527
prmA,0.02746441830931431,0.03099901974698828,b3259,4.509
uxuA,0.03556613873187789,0.0252364819763743,b4322,2.811
ahpF,0.02929716738026848,0.01706141315742352,b0606,5.481
emrB,0.02579966899334069,0.02049698604006599,b2686,2.744
recF,0.02767166839621811,0.01502749403722623,b3700,3.291
fabF,0.03104279582126621,0.02124961836019266,b1095,6.105
mrdB,0.02375909644677736,0.02680850619011276,b0634,3.69
dppC,0.05472494382522343,0.03885855926392136,b3542,3.951
iscU,0.08815172441795818,0.1970854377104377,b2529,6.408
slmA,Inf,0.03021759101209087,b3641,5.084
csgG,0.11803536669670044,0.02686514788184396,b1037,3.694
idi,0.05021842789987976,0.03877653517568291,b2889,3.895
dcp,0.06438594711168008,0.01065884196240745,b1538,4.553
phoU,0.0428198830258795,0.08183281699380617,b3724,4.645
ogt,0.081133374561946,0.05906256467594022,b1335,3.64
zur,0.0712324809340098,0.03735064974422621,b4046,4.186
mukB,0.01138804952518849,0.00767125988802434,b0924,4.682
pxpA,0.03492152943564811,0.03815089715812295,b0713,4.428
pdxY,0.03247088286312152,0.03545816486050594,b1636,4.024
nirD,Inf,Inf,b3366,2.273
caiB,0.02773970316106257,0.02176524800420258,b0038,2.086
hemF,0.03532300885741969,0.0233210900176474,b2436,3.621
rarD,0.04142853316032451,0.02843513938616976,b3819,2.833
ddlA,0.02299960638311069,0.02084114746319652,b0381,4.674
lpxP,0.0418812649964296,0.02016811429967302,b2378,1.792
bolA,Inf,0.03821534896480784,b0435,6.935
prs,0.03623646826082038,0.03443284791988687,b1207,6.356
ycjG,0.07063859238334899,0.02168689302249707,b1325,3.664
osmE,0.08662500000000001,0.15739335317460318,b1739,7.112
aroB,0.04191444774761707,0.01904563507639005,b3389,5.777
nagB,0.04044507868574427,0.02985895210445916,b0678,4.755
uspC,0.05456380774970517,0.04113908179012346,b1895,4.329
ptsP,0.01916452676071409,0.01117315672156535,b2829,5.002
prlC,0.02239270170057865,0.01212755255055948,b3498,4.929
purU,0.0267370098862084,0.02423934120321924,b1232,5.701
pdeH,0.04155257393513799,0.03786402066028414,b3525,-1.367
rhtC,0.1080285236750246,0.03534230745404988,b3823,4.161
rpsK,Inf,0.08394340882035478,b3297,8.277
rlmC,0.02607310469655567,0.01852532371097332,b0859,2.75
nac,0.03728963144815003,0.02623819936055475,b1988,3.034
caiF,0.05668248346170425,Inf,b0034,4.607
wzc,0.0202960437579621,0.01376876972788539,b2060,-0.232
potC,Inf,0.05362922969121769,b1124,3.968
livF,Inf,0.03115591173727139,b3454,5.287
gpt,Inf,0.06605082996285544,b0238,5.392
rsmI,0.03097105471251774,0.02928487839243443,b3146,3.787
nadB,0.01875588649264179,0.01517829535488029,b2574,4.593
ilvD,0.01975365168872871,0.01772001825281764,b3771,4.7
bioF,0.03681582866892156,0.02679803847038999,b0776,3.282
ubiA,0.04959529651274916,0.03332624525487814,b4040,4.117
pyrF,0.07818280564374236,0.02874314523461579,b1281,4.509
ascF,0.02786978873548649,0.0215546587415708,b2715,2.083
sucA,0.01366165488388559,0.01030531610153919,b0726,5.464
minC,0.04083800269637946,0.03090175930696087,b1176,5.715
nadC,0.07501450261148786,0.02440935385060166,b0109,4.658
gltJ,Inf,0.03332279373114092,b0654,3.379
plsX,0.04847872175803772,0.01964076550619962,b1090,4.96
dapE,0.03219983927905932,0.02787058483685682,b2472,4.555
tyrP,0.03258305751754423,0.02192766434239988,b1907,2.735
norV,0.0257568570142721,0.0189682131020059,b2710,2.032
yqiA,0.0359896054091442,0.08289553827328554,b3031,4.506
rlmH,Inf,0.03402925073576358,b0636,4.218
edd,0.02018694256618921,0.01532896874339959,b1851,3.39
oppA,0.01425401305740338,0.01562440985928855,b1243,7.485
bioA,0.02695757798581511,0.02440438981569766,b0774,3.462
purA,0.03714083552528283,0.02430201923515421,b4177,7.406
gltL,Inf,0.03529439709773089,b0652,4.162
yrfG,0.03248259688422596,0.02852478245037374,b3399,4.104
katE,0.06049354784705909,0.00908523118547355,b1732,4.985
lon,0.0177104935856572,0.01317588881076928,b0439,5.604
envC,Inf,0.022017378008244982,b3613,4.426
folP,0.03237587960868694,0.02279260767482916,b3177,4.076
kdpA,0.02717617571885593,0.01866392996912164,b0698,-0.2766
oppC,Inf,0.02291018768469128,b1245,5.171
aceA,0.03315853636103995,0.02205927512057344,b4015,7.04
paaZ,0.02086220179530015,0.01010279418537024,b1387,-0.1171
dsbA,0.08402457607327739,0.0773899996782965,b3860,6.337
nrdG,0.05298917748917749,0.0736181323721388,b4237,3.275
hypE,0.03093576888202255,0.02737962286244163,b2730,3.528
putA,0.01087623720311726,0.0074401697400455,b1014,3.005
rhlE,Inf,0.02073213565249844,b0797,3.33
iscS,0.03015735178612706,0.02662054480625741,b2530,5.839
rcsF,Inf,Inf,b0196,5.714
polA,0.05939272082874967,0.00888461432969821,b3863,4.655
cysH,Inf,0.03035833270972042,b2762,5.812
waaA,Inf,0.01911749398668025,b3633,4.006
mscM,0.02416097753969798,0.00929767641705091,b4159,3.132
fldB,0.06212536218190979,0.16030908209530367,b2895,5.249
fimA,0.12873135877888048,0.22202195599314103,b4314,6.588
tesB,Inf,0.02366523237769843,b0452,4.387
tamA,0.02254973120095774,0.01377342452983221,b4220,4.42
gss,0.01684501031261958,0.01384833284090066,b2988,5.024
dcuC,0.04478316407074223,0.02416498270292674,b0621,3.202
ruvA,Inf,0.03033607901493708,b1861,4.666
lldP,0.02745053748166134,0.02066286637440928,b3603,2.114
ytfE,0.03568601548363454,0.03303047044649419,b4209,1.844
dppF,0.0285568161711208,0.02242399589364868,b3540,4.478
uspF,Inf,0.04035350170366195,b1376,6.981
wcaB,Inf,0.0699791775684633,b2058,-9.484
clsB,0.06875336367743966,0.01856253991188126,b0789,3.497
rlmF,0.03233819300801582,0.02075713877870414,b0807,3.793
nusB,Inf,0.12290784878158398,b0416,6.364
bsmA,Inf,Inf,b4189,4.073
lolB,Inf,0.03161239788399143,b1209,5.051
srlD,0.03155249826359235,0.0348785156827359,b2705,2.952
tap,Inf,0.02527869532090254,b1885,0.3839
rseP,0.0726468827780287,0.01341540700203194,b0176,5.621
msrQ,0.12737572316900445,0.08545138932275712,b1972,2.894
mdtK,0.04956951226741836,0.02097311570991292,b1663,4.053
nuoL,0.04852387526223584,0.02148128711096155,b2278,4.759
fruA,0.03009159328088815,0.01843277053431787,b2167,4.528
ulaA,0.04327881827469399,0.0314462266135876,b4193,0.4624
ugpQ,0.04137153370439085,0.03367167682355739,b3449,4.018
mltC,Inf,0.02244641331092674,b2963,4.058
clpS,0.1857547717434081,0.0666820987654321,b0881,5.53
cobB,0.03956741694437332,0.02430749777123511,b1120,4.945
narW,0.04219533671456748,0.0349485901887684,b1466,0.862
ppiB,0.12659512741046833,0.07817970184802574,b0525,7.2
dsdX,0.03817834263967056,0.02042438835174836,b2365,0.8429
mglA,0.02400426325695029,0.01453005571855299,b2149,2.666
tsaD,0.03982371804668348,0.02166623335352156,b3064,4.365
folB,Inf,0.0982495733983829,b3058,3.228
lpxH,0.05488363976819014,0.03210736643479826,b0524,3.892
acnB,0.01815505839829414,0.01175342057401915,b0118,6.401
mltD,Inf,0.01910984943113367,b0211,5.735
mprA,Inf,0.04613517861584416,b2684,5.852
nuoM,0.02705798590949604,0.02085964449957568,b2277,5.197
sbmA,Inf,0.02435695676601108,b0377,3.16
pstA,Inf,0.03304811037470555,b3726,3.475
pdxA,0.03016524652813362,0.02583251745633194,b0052,4.394
dinF,0.02902356435911881,0.04291732714657734,b4044,2.02
cirA,0.0225166253462311,0.01343412710178815,b2155,4.855
rpoB,0.01677500017649582,0.00704032311522522,b3987,6.782
recR,0.03959949216907455,0.0360328101526067,b0472,5.546
nfsB,Inf,0.04031350490201725,b0578,5.8
ascB,0.024414658016624,0.01586019178372755,b2716,2.695
tdh,0.03360650387537413,0.0258545666738837,b3616,4.492
murG,Inf,0.02588353145203391,b0090,4.546
moaA,0.03342494751458705,0.02129664133127901,b0781,5.311
yejF,0.02295196011721742,0.01730777189705048,b2180,3.272
serA,0.0390963951722814,0.02020940280187837,b2913,7.176
zapC,0.05838723224332469,0.1591349059358572,b0946,4.284
nrdF,0.02034931871149133,0.02151497248142205,b2676,4.041
fdhD,0.03331136213751206,0.02394512881741052,b3895,3.856
folM,0.0336447044957965,0.03618632452927501,b1606,3.475
cysK,Inf,0.02240331618675586,b2414,8.09
cyoA,Inf,0.02147106062033355,b0432,6.653
hemB,0.03905522511027422,0.01951955449603853,b0369,5.05
sulA,Inf,0.04356070366622315,b0958,4.38
rsmA,0.0785935261714634,0.02780701317649323,b0051,5.077
trmL,Inf,0.03370664799350697,b3606,3.382
accD,0.03799693859043245,0.02224922909039263,b2316,6.324
hisS,0.02513790144114911,0.02053150707674754,b2514,5.53
potE,0.04664050734341365,0.03088626653742576,b0692,2.523
chbG,0.06310584967608675,0.0292381332208817,b1733,3.175
rsxG,0.03263173608001193,0.0339849260634666,b1631,3.533
degP,Inf,0.02353487987884318,b0161,4.966
lptE,Inf,0.0508818387953314,b0641,5.705
tamB,0.01874632075927806,0.00704327918720008,b4221,3.94
asnA,0.09536707324158722,0.02524279021144715,b3744,4.071
yccX,Inf,0.12968283542755946,NA,NA
moeA,0.03990442578670078,0.02171888703344926,b0827,4.126
priC,Inf,0.11287294790465206,b0467,3.68
ada,0.02749503336185366,0.02088093474724156,b2213,2.981
proY,0.07901621718479751,0.02354563647962501,b0402,3.558
dmsA,0.01422828949224138,0.01083904331202434,b0894,3.679
nfsA,0.03957428308385998,0.0333628836867547,b0851,4.229
rhaD,0.0389717608785111,0.02990442467179037,b3902,0.3138
cstA,0.02156829945729679,0.01521082785683433,b0598,3.845
trpS,0.02681062133278538,0.02412384287593184,b3384,5.403
artQ,Inf,0.03751744215512787,b0862,4.237
pgpB,0.09729499317438002,0.02576274286638474,b1278,4.027
yjeH,0.02949739753496192,0.02657281262052909,b4141,3.656
metR,0.03751984617382151,0.02321323335309046,b3828,4.185
dsdA,0.02856982320042905,0.01787925369109374,b2366,3.003
htpX,Inf,0.03791402135380328,b1829,5.669
katG,Inf,0.01210660176315161,b3942,5.885
menI,Inf,0.04553551967513006,b1686,5.309
pphA,0.06418202523643465,0.03604142962740653,b1838,2.253
rsfS,Inf,Inf,b0637,5.453
selA,0.02578210001834878,0.01921849240333455,b3591,4.545
hpt,0.07659716255469007,0.05292918281526453,b0125,5.435
livM,0.07282660163730348,0.02127760549199691,b3456,4.883
rstA,0.032812564615487,0.02603949691977655,b1608,5.287
ilvI,0.02879438163728542,0.01360022129543798,b0077,5.817
nikD,0.08080302200447353,0.03895323390028315,b3479,2.053
trmJ,0.0417432674551988,0.05418321868408104,b2532,4.938
mtfA,0.04768159134242193,0.02504997944425704,b1976,4.817
cdd,0.03398985609010904,0.02560682098421496,b2143,4.079
ubiC,Inf,0.04293494894953605,b4039,4.432
kdsA,0.03664958910544709,0.02989965008563404,b1215,6.11
deoB,0.03213686292680185,0.0259249017810741,b4383,5.76
mgsA,Inf,0.07606681098365273,b0963,6.487
cobT,0.03258086785766855,0.05155160801051169,b1991,2.958
rplF,Inf,0.07372072307213408,b3305,7.923
adhP,0.03655641343959057,0.02755322173921362,b1478,4.72
lolD,0.12964254112893514,0.03059041799529382,b1117,4.254
eco,Inf,0.04377041120530704,b2209,3.783
rpoN,0.0221022339309082,0.0172862187404629,b3202,5.491
orn,Inf,0.03742492730270595,b4162,4.922
thiM,0.07756519334441411,0.04933797381805241,b2104,4.625
proV,Inf,0.01792669655464542,b2677,3.775
trmH,0.055129277909685,0.03312610348672795,b3651,4.175
mdtC,0.015639710511283052,0.00921413822832543,b2076,1.922
rdgC,Inf,0.02457047354619657,b0393,4.672
yfcG,Inf,0.02416102294865459,b2302,4.27
adiA,0.01784815386053923,0.01314504410592714,b4117,1.143
cysZ,0.08123066955585416,0.03295911925035741,b2413,4.219
serS,0.03804874604362519,0.0180514647856393,b0893,6.306
truB,0.03175657527726527,0.0260683358508906,b3166,4.79
miaB,0.02663292802383455,0.0171983830694244,b0661,4.934
glpG,Inf,0.0305767218495242,b3424,3.81
oppF,0.03352536155605794,0.01959507448514921,b1247,5.89
rhaM,Inf,Inf,b3901,-5.644
epd,0.02749564494105035,0.02863889037130688,b2927,5.967
ftsE,Inf,0.02855271715030522,b3463,4.826
caiA,0.03288906787344859,0.02136256036580076,b0039,2.88
ybgC,Inf,0.04586088154269972,b0736,5.431
murB,0.02612374979428337,0.02314860298647417,b3972,4.791
rnc,0.07978574782970389,0.02814035278959097,b2567,5.65
putP,0.03188222826877383,0.02464149643154247,b1015,3.871
feoB,0.01661197947844134,0.01319497727522123,b3409,5.109
otsA,0.02079571374930395,0.01530402516132919,b1896,5.226
lpxC,0.03443990930171013,0.02650356061376777,b0096,7.037
yajL,0.0421396064702843,0.03538257609651626,b0424,4.596
ppsA,0.01862209096603764,0.01178258381382606,b1702,5.491
metE,0.01760037773557317,0.01104217604157724,b3829,7.61
nrdE,0.01636135157403569,0.01080864905758435,b2675,4.05
phnG,Inf,Inf,b4101,-18.85
nuoN,Inf,0.02571261227774597,b2276,5.296
gspE,0.02717414059384439,0.01811588192587915,b3326,1.417
tauB,Inf,0.02597860124654016,b0366,1.285
creA,0.08732598358142107,0.05190827944948825,b4397,4.791
cmoA,0.03539453540243227,0.03235615451037135,b1870,4.741
galM,0.03418767252877661,0.02075948177947598,b0756,5.891
exoX,0.03755845984932372,0.0324339176879838,b1844,4.662
rluA,0.04451740428140066,0.03378868621209577,b0058,3.674
kbaY,0.02865408615838553,0.02556106403109399,b3137,-0.6587
iscR,0.06477157457926688,0.11073969723938114,b2531,5.361
trmA,0.02785049356951555,0.01966878467033883,b3965,4.755
mak,0.03306921972719292,0.02341980647684345,b0394,3.886
prmB,0.02801903981508317,0.03422651245359215,b2330,5.209
amtB,0.04280188165159094,0.0227113514736763,b0451,3.177
sucD,0.0747772557444464,0.04382377551901925,b0729,6.472
dnaJ,0.03331945550184117,0.01841511998761251,b0015,4.971
uvrY,0.03388041113131412,0.02070927708204494,b1914,5.747
cydA,0.02813584191239729,0.01597582162978002,b0733,6.344
iscX,Inf,0.3075131094104308,NA,NA
argF,0.04250729842773845,0.02667050971169092,b0273,5.549
hisG,0.04993442789699658,0.02737584316070853,b2019,6.3
thrA,0.01561138814247584,0.01000584389652188,b0002,6.836
rsgA,0.0310018734845994,0.022118926730731,b4161,5.216
ompX,Inf,0.09393178745857315,b0814,8.389
guaB,0.03731324041618802,0.02262880170217171,b2508,5.442
bamB,Inf,0.02539678395891947,b2512,5.59
bcsZ,0.07157535084145801,0.0173334249247502,b3531,1.963
glpE,0.13270085470085474,0.08626877834467121,b3425,4.146
speF,0.01234624798856693,0.01100932145096191,b0693,0.2178
panB,0.0378912846807288,0.032657343806963,b0134,6.021
ychF,0.03363902555891855,0.02164203998386536,b1203,5.289
hisB,0.03429566703641402,0.02194373360678017,b2022,6.501
sdaA,0.02345155460019488,0.02140866873779605,b1814,3.994
mlaA,Inf,0.03706321251083347,b2346,5.158
gcvA,0.03703816988406065,0.02125492481202998,b2808,4.244
rsuA,0.07969509208848705,0.02619827822424704,b2183,4.995
hisC,Inf,0.02794920438115597,b2021,6.17
fadJ,0.0177552005379408,0.00971231696166176,b2341,2.805
paaA,0.0326723852658041,0.02088384096982735,b1388,-0.4139
mdtH,0.03219862779763874,0.02368552072549876,b1065,1.932
lptD,0.01776651902886809,0.01123420372938332,b0054,5.972
aldA,0.05013134378255947,0.01472511769755027,b1415,4.62
actP,0.0703735596859174,0.02224302385204487,b4067,2.086
gltP,Inf,0.02355446042147712,b4077,3.814
uhpC,0.02716432323142362,0.02319514334729567,b3667,2.07
yhjD,Inf,0.0210157800937346,b3522,3.988
gltX,0.02416540960300124,0.01877519882966856,b2400,5.848
chaA,Inf,0.02623612795761536,b1216,4.239
fimI,0.06571795983018065,0.03734111035068272,b4315,4.736
lldR,Inf,0.0256274207485097,b3604,2.112
aphA,Inf,0.02803658398208379,b4055,3.129
slyD,0.06252115777200859,0.0744520631022741,b3349,7.163
kefC,0.02822286926347719,0.015818689493155,b0047,3.019
glmM,0.03179352120851243,0.01935114106138076,b3176,5.533
polB,0.01902657272335578,0.00933616703149121,b0060,2.848
glyS,0.0224827324190682,0.01411660607960453,b3559,5.808
lplT,0.03450062907683481,0.02220392681955247,b2835,2.913
ampG,0.02479623860708918,0.02071280575162906,b0433,3.339
mtr,0.05628724206950654,0.02409210719435829,b3161,3.589
nagA,0.02745768957207261,0.0222490735268336,b0677,4.516
dcd,0.09838363208531276,0.03945866867127555,b2065,4.766
hemA,0.03072550478003692,0.02487647005114836,b1210,4.409
menF,0.02566002088029618,0.01853044706868073,b2265,4.009
aceE,0.01660836637577942,0.01373577078766815,b0114,6.401
pspF,0.02954204485236512,0.02057772540841767,b1303,3.189
sfsA,0.04254288265292372,0.03136623607768866,b0146,4.749
caiD,Inf,0.03852305224990279,b0036,0.6219
queC,0.04616752919185134,0.03219636926328503,b0444,4.378
tsaC,Inf,0.03264035053166488,b3282,4.078
pheT,0.01742526943748402,0.01340471019501634,b1713,5.734
panC,0.0790065088325677,0.02656418943954796,b0133,6.175
trpD,0.02412075686966744,0.01902397461703647,b1263,5.308
nei,0.03705873767657762,0.02508015340655473,b0714,3.43
adhE,0.01748281970448561,0.01259837048551317,b1241,7.669
sppA,0.06551883355593205,0.01326352924780519,b1766,4.277
nuoA,Inf,0.049677385967346,b2288,5.938
fdx,Inf,Inf,b2525,5.322
bamE,Inf,0.06069285872857302,b2617,6.298
dxs,0.01953880144841453,0.01378885593540468,b0420,4.619
nagZ,0.05540017259216232,0.02434311511711065,b1107,4.632
add,0.03530599345073422,0.02335450309465222,b1623,3.963
dapA,0.03282179229629499,0.02514259544258967,b2478,6.711
recJ,0.0256385745722845,0.01367898313264759,b2892,4.256
sanA,0.07938351817781836,0.02535076629000799,b2144,3.573
yebS,0.03088012192877728,0.02042211200386813,b1833,3.204
birA,Inf,0.02226696007270357,b3973,4.155
rsmC,0.03040238694014736,0.02178222191724234,b4371,4.246
dksA,0.04898715078843284,0.06373925947789584,b0145,6.862
pdxB,0.03178565165477986,0.01754669697933661,b2320,4.986
murD,0.02658083408167112,0.01984979624290743,b0088,4.791
narQ,0.01703817175204537,0.01564269056464303,b2469,2.905
mazG,0.08358166989908411,0.03178889502698513,b2781,4.116
fliM,Inf,0.02980606808775195,b1945,1.404
pncB,0.02892200648941738,0.01667864354070586,b0931,6.067
rlmD,0.02488495199552198,0.01903301501276463,b2785,3.175
yedA,Inf,0.03166792550653539,b1959,-0.6768
sapA,0.03859573773179384,0.01504130578228939,b1294,3.834
fur,0.05202032227032227,0.11642234504112212,b0683,6.795
clcA,0.02866119488249693,0.01822679383672927,b0155,3.49
bcsA,0.01415092777001527,0.00957950640877384,b3533,1.335
gltB,0.00924560697683457,0.00583247019127781,b3212,6.925
murI,0.04516189660730306,0.02214374174881492,b3967,4.347
gloA,Inf,0.1036710253936387,b1651,6.383
deoR,0.03296218661595729,0.02992139457191114,b0840,4.629
rsmJ,0.09499973621432949,0.02618865582366672,b3497,3.466
trpB,0.02804413447638848,0.01911685061082526,b1261,5.794
pdxK,0.02961924769860489,0.03063268901497985,b2418,4.9
ltaE,0.03030654818914338,0.02720367247755405,b0870,4.706
pepE,0.08562458558302546,0.03482534841382863,b4021,4.331
lspA,0.08262271510520809,Inf,b0027,5.04
glpC,0.02530317106633546,0.02023163032939806,b2243,0.7732
garD,0.02047653053574807,0.01673906809173438,b3128,2.46
purK,0.03411036420161236,0.02246139540758104,b0522,4.681
mukE,Inf,0.02876667567532288,b0923,4.745
yccA,Inf,0.02916074514541948,b0970,6.265
ansA,Inf,0.02561751885959072,b1767,4.502
serB,0.04186789084924842,0.02523152376168686,b4388,4.352
yjfF,0.08076753560301744,0.027732522921256,b4231,1.896
pheP,0.03016985337146853,0.02298434861852483,b0576,3.45
dsbC,0.03347344047693079,0.14943079747343158,b2893,4.979
gshA,0.02138852200975382,0.01355023102022688,b2688,5.332
nanA,0.04466373140899191,0.02382980577712631,b3225,2.696
fdoI,0.08272182633383932,0.03387554630114154,b3892,3.27
fucA,0.0408182071830956,0.02381051597798978,b2800,1.142
tyrR,0.02639158972497956,0.01294983752868078,b1323,4.871
ubiF,0.0509055514180205,0.0213126041108339,b0662,4.465
melR,0.02843827149410229,0.03213725067900618,b4118,3.056
wzxC,0.029218403960436,0.01969961054700973,b2046,0.02277
menD,0.02042326273095466,0.01800996766563034,b2264,3.494
livK,0.02421138955824809,0.02476551557348675,b3458,6.015
pntB,0.06992351990540215,0.02144013545282668,b1602,6.814
map,0.03726019234899208,0.03218587827491485,b0168,5.973
envR,0.06385615011253928,0.02370764391251716,b3264,-3.273
glrR,0.02175526214300328,0.01712894656486298,b2554,3.285
proW,Inf,0.0296659562260488,b2678,3.072
glmS,0.02446585573794896,0.01919967693422564,b3729,6.327
tyrS,0.02444065697914835,0.01886980412879487,b1637,5.922
thiP,0.03971430957133349,0.02407962438455203,b0067,2.46
kdsB,0.03691545020786092,0.03981309061430173,b0918,5.313
glnQ,Inf,0.03233740972709956,b0809,5.305
dnaK,Inf,0.01804694619381322,b0014,6.868
fucK,0.02303035354453937,0.01721083256596693,b2803,2.287
gph,Inf,0.02794191064915203,b3385,5.27
csdA,0.04236120752196826,0.02329980967192497,b2810,3.734
dsbG,0.07016585443874934,0.04434496972581021,b0604,4.245
sbcD,0.027430544417514,0.02320566382145027,b0398,3.251
rplQ,Inf,0.06855413942053712,b3294,8.092
icd,0.031884757625441,0.02268850527299686,b1136,8.019
rhaT,0.03059587259484318,0.02810654810733558,b3907,1.556
dgcN,0.07000333034177522,0.01765610013674745,b2604,2.578
sodB,Inf,0.06978798325592157,b1656,5.929
purR,0.03337258981113163,0.02211320733504669,b1658,5.154
cysD,0.0733636775288245,0.02675264988937234,b2752,6.084
gsiA,0.03637048640108727,0.015344703084509,b0829,4.996
queG,0.02803218831735601,0.01691033516620054,b4166,3.554
frdD,Inf,0.06595067004074356,b4151,5.183
nuoF,0.02888714242072881,0.01765417846300267,b2284,5.367
tsf,0.09672092642793448,0.043276037597068,b0170,7.007
kdsC,0.03713922050492624,0.03309579840390263,b3198,5.32
lipA,0.03093370198201387,0.02140167893380291,b0628,5.3
thrS,0.01545232280919002,0.01264771391750624,b1719,6.974
aroF,0.02669199500571919,0.03513505713032815,b2601,5.532
recC,0.01220450325157442,0.00831005868333759,b2822,3.637
narX,0.02106264370174281,0.01501666844884677,b1222,3.589
smrB,Inf,0.03514135635888883,b2331,4.671
panE,0.03304220093571026,0.04588591339487,b0425,4.568
argH,0.03074934706882214,0.02123394314987048,b3960,5.383
yjdN,0.03034109788173433,0.07738610595753453,b4107,4.088
dkgA,Inf,0.03213833827949194,b3012,5.246
mraZ,0.04597099239144693,0.02739743056920878,b0081,5.632
ahpC,0.125892813885011,0.06119303556569416,b0605,8.352
fepG,Inf,0.05734837146649648,b0589,1.91
fepE,0.02522472961266995,0.01897826936712748,b0587,0.288
dgoD,0.02480309280763508,0.02403847362370235,b4478,2.047
paaY,0.04702204060546396,0.0410211057075377,b1400,4.055
hisJ,Inf,0.02589085147004285,b2309,6.297
nsrR,0.04614213617579003,0.03332070429485018,b4178,4.259
rcsD,0.01404572937910854,0.00879544898415971,b2216,4.492
rutR,Inf,0.03009617071733289,b1013,3.656
mobB,Inf,0.0405256534240571,b3856,3.376
hybO,0.02715602379641707,0.02717678171070183,b2997,3.58
parC,0.01358615791373788,0.01197500343242625,b3019,4.408
thiI,0.02346311903060862,0.02185467965607378,b0423,4.153
baeR,0.04108248694281521,0.03158120045055919,b2079,3.695
murE,0.02188787328875,0.02455380552492264,b0085,5.077
bamC,Inf,0.03379991171176784,b2477,6.069
fpr,0.08235789962566684,0.02833180319035189,b3924,4.95
wecC,0.02491502988071196,0.01874444430190119,b3787,4.305
bamA,0.06375620282034307,0.01208383265123518,b0177,6.098
gdhA,0.02771856671830036,0.01922894681764162,b1761,7.041
aceB,0.02023647125701411,0.01361724359054386,b4014,7.183
xerC,Inf,0.03466912359194284,b3811,4.617
folE,0.02903224178409804,0.03712634203471255,b2153,6.712
wcaM,0.02424179031677938,0.01480700291078028,b2043,2.513
livJ,0.06450842571441719,0.02740236517098757,b3460,6.886
sdhB,0.03165245333376222,0.03185264460295579,b0724,5.824
tolA,Inf,0.02281297793946791,b0739,4.213
lipB,0.0431825912183055,0.03737146098499471,b0630,4.71
argO,0.05219138058846508,0.03877774752386335,b2923,3.72
kduD,0.07855902923363126,0.02741960513592778,b2842,2.862
fabI,0.06113545302192702,0.04809612513508617,b1288,6.84
deoC,0.0596490825313169,0.03751806258678554,b4381,4.344
nadK,0.02613792459096842,0.02173999077067734,b2615,4.467
fepD,0.10155079927488682,0.05729273607501877,b0590,2.373
potH,0.0289018795892073,0.02737595498839454,b0856,2.545
sufB,0.01883289771923216,0.01566015542792701,b1683,4.754
upp,Inf,0.0362697503189514,b2498,6.425
purB,0.01856597588706891,0.01903874187295534,b1131,5.55
nadE,0.05541285296838118,0.02238345364306821,b1740,6.27
rluD,Inf,0.0228567873926389,b2594,4.842
motA,Inf,0.02416593073648517,b1890,0.4182
nepI,Inf,0.02385740009983353,b3662,2.288
fucI,0.01750907888715113,0.01520157686571301,b2802,1.551
yedE,0.03607290352881236,0.02375522442437475,b1929,4.634
copA,0.01902500509525441,0.01254788308572562,b0484,5.657
murA,0.0290015457326467,0.0213756705753901,b3189,5.307
groL,Inf,0.03402774389606618,b4143,7.21
folA,0.03513723014014389,0.04451860779512295,b0048,4.785
hemE,0.04619102239726223,0.02600892960924322,b3997,4.915
rbsA,0.07069236294492029,0.01674364490551484,b3749,3.275
fliR,Inf,0.06297859485655213,b1950,-1.357
bioB,0.03111961881179166,0.02378233450926002,b0775,4.047
rsxA,Inf,0.04363735928296368,b1627,4.342
clpP,0.0324135456773912,0.03303284089252482,b0437,6.555
panD,0.1312335269124485,0.05720911281179138,b0131,6.933
rfbB,0.02780902173677137,0.02092312066299643,b2041,5.589
glnE,0.01566549635406317,0.00929535650319903,b3053,3.87
araB,0.02064973908329952,0.02004131930473281,b0063,1.022
sgrR,0.02646787443518649,0.01757758329380605,b0069,3.198
hisA,0.04143225853846048,0.03994554421209641,b2024,5.923
alaS,0.01525954083154634,0.0100013048241109,b2697,5.96
cecR,0.04985075796131453,0.02368770689334614,b0796,3.145
napH,0.03802921238829582,0.03038245392035771,b2204,2.016
sixA,0.138216949107059,0.03751179466276868,b2340,5.797
rlmM,0.03171581196138641,0.01953941948744195,b2806,4.735
fes,0.02826600636520509,0.01801342122981336,b0585,3.154
endA,0.03515911396711242,0.03273821139161743,b2945,2.013
fucU,Inf,0.06290889032358113,b2804,4.831
pdxH,Inf,0.03435976110976763,b1638,4.774
rpe,Inf,0.03291585136437858,b3386,5.49
fbp,0.03718234762253795,0.02116019214590474,b4232,5.491
cueR,0.05687499999999999,0.05088681033626713,b0487,4.521
xthA,0.03043626723462958,0.02692785435231138,b1749,4.819
eno,Inf,0.04065581740104883,b2779,8.278
hisD,0.03967955618967658,0.01927968181564443,b2020,6.239
nadA,0.03014573171291031,0.01885737195025659,b0750,5.872
hybB,0.03605814028433031,0.0261617547454191,b2995,2.248
alaE,0.09754231274156087,0.2402932098765432,b2670,2.394
potB,0.1180459571721146,0.02843271889889258,b1125,3.452
fmt,0.05591282903537582,0.02322301323623605,b3288,5.211
tpiA,0.05241591928486498,0.04655576578600885,b3919,7.393
speG,0.08208345953758872,0.03698446382174242,b1584,5.565
ppiC,0.12712103174603173,0.135842197224773,NA,NA
rpmB,Inf,0.1814885286070351,NA,NA
soxR,0.09470683645358972,0.03972296745192103,b4063,3.066
kup,0.02338615446904408,0.01144471505722894,b3747,3.346
thiD,0.06007826918341419,0.03492775438614423,b2103,4.524
fadD,0.01919609279482164,0.01311903214958444,b1805,3.209
modB,Inf,0.05950333355499872,b0764,3.309
ulaC,Inf,0.04889562074829931,b4195,1.656
fucP,0.0282301940874857,0.02793819986464917,b2801,-0.8745
sdhA,0.0206540250166444,0.01923050517104582,b0723,5.507
fimH,Inf,0.08679344798264133,b4320,3.174
ansB,0.07251530418422109,0.03461741731431964,b2957,3.652
xseA,0.04670093656941,0.0148408140477758,b2509,4.522
lldD,0.02836540730461374,0.02469294010883915,b3605,2.856
epmB,0.04216286877449734,0.02166916491555286,b4146,4.335
dnaN,0.03762773716509211,0.02245378132797715,b3701,5.028
diaA,0.08478854419918912,0.05239689868876472,b3149,4.817
zraR,0.02720290103834535,0.02048299842022526,b4004,1.947
accC,0.02299205089975526,0.02255080240087972,b3256,6.062
ispB,0.05047502057989602,0.03550156055776159,b3187,5.667
rlpA,Inf,0.03084472608559853,b0633,5.119
entE,0.02459385549001878,0.01634425761325652,b0594,3.617
mfd,0.01256381802789918,0.00697829321334828,b1114,4.377
fdrA,0.0218335745465225,0.01909612577473068,b0518,-0.8479
lsrG,Inf,0.06731327947845805,NA,NA
fabB,0.03360274968954255,0.02925468587112468,b2323,6.059
idnO,0.07669642902006125,0.02835709917184068,b4266,2.108
galU,0.03154408190365265,0.03168830151377765,b1236,6.012
cysN,0.06819717386826757,0.01779437111195855,b2751,5.845
proC,0.03934595604427967,0.03444443004876053,b0386,4.914
queD,Inf,0.06087029072418683,b2765,4.106
purC,Inf,0.04117842932478679,b2476,6.087
prmC,0.04066166933971782,Inf,b1212,3.187
prfB,0.08463337757681476,0.02914533065635299,b2891,6.154
dauA,0.02958503060175938,0.01920169039394449,b1206,2.791
dkgB,Inf,0.03193588633150571,b0207,3.716
ispA,0.03819004486131887,0.02146892265120243,b0421,4.683
ilvC,0.02623849309839612,0.02128537994179859,b3774,7.416
aroG,0.02977657116059894,0.02320101444948403,b0754,6.797
yihX,0.03490582272631019,0.03545860398532786,b3885,4.644
hybE,0.11039477040816326,0.03448496575298767,b2992,3.562
hemD,0.03609176354780751,0.02988506536253028,b3804,4.421
panF,0.07093674334409408,0.02061340132158591,b3258,2.633
dgoR,Inf,0.03424842543051117,b4479,3.559
wcaK,0.02169746627906066,0.02561370422726909,b2045,0.9082
ubiD,0.02560535675765619,0.01379893899883634,b3843,5.03
solA,0.02916110021481525,0.02139663325974953,b1059,5.122
napG,0.03433324064964217,0.03326678260010325,b2205,1.905
infC,Inf,0.03710884353741497,b1718,8.464
alr,0.03222390498665468,0.03145513180350494,b4053,4.181
nrdD,0.01682654936443524,0.01262105102554894,b4238,4.013
udp,0.04223493118637829,0.03304911756669323,b3831,6.098
gmd,0.02998546916452883,0.02702847719676497,b2053,0.5801
napA,0.01718381604804014,0.01047306191922049,b2206,3.207
pdhR,Inf,0.03026174857146189,b0113,4.477
pbpG,Inf,0.03283959285177279,b2134,4.268
rbsR,0.03395586348943501,0.02877519451166119,b3753,2.709
mutM,0.04026825785611454,0.02267338429253536,b3635,2.591
hycE,0.02356521644547024,0.01627689205412752,b2721,0.7531
lptF,0.03902830492273109,0.02927142448551905,b4261,3.903
fabD,0.0321921595603171,0.02893749307098606,b1092,6.086
thiG,0.03015542724945196,0.03411274568295989,b3991,6.011
fucO,0.03262507023409846,0.02057826484471857,b2799,2.935
pyrG,0.0211603573911675,0.01502252799858797,b2780,6.304
nhaR,0.02990775129673819,0.02145684120096656,b0020,3.837
rnhA,0.05081136984708413,0.03248064705856914,b0214,4.605
creC,Inf,0.0153243333263636,b4399,2.765
clpX,0.02659321307622268,0.02223087509018176,b0438,6.513
kduI,0.03235060128935668,0.02705344524886381,b2843,1.585
aceK,0.01983839017471842,0.0146659688634122,b4016,4.821
ispE,0.03846647694779949,0.02543675044990917,b1208,4.562
tusC,Inf,0.04762137085226247,b3344,4.169
mutL,0.01982617193020548,0.01579872407969289,b4170,4.071
aroE,0.04488736650010861,0.02168410784788237,b3281,3.531
dacD,Inf,0.01757954009647644,b2010,2.945
glgP,0.01797447959581844,0.01067913330288669,b3428,5.812
rho,Inf,0.01816347702587644,b3783,6.453
uvrD,0.01769645778892245,0.01242092910511909,b3813,4.301
ampE,0.03844270372008043,0.02709616646279572,b0111,3.807
mutH,Inf,0.02346723154889073,b2831,3.653
yjiA,0.03431562139695908,0.03076890823996205,b4352,4.338
helD,0.0197929847396162,0.01058628593276873,b0962,4.248
crfC,0.01596141115254435,0.0104951116811374,b4109,2.354
galK,0.02457586740859295,0.02309090566477897,b0757,3.998
accA,0.07715560530221757,0.02906513892865202,b0185,5.885
pepD,0.02633833310748006,0.02082228900449784,b0237,6.066
rapA,0.01923641140443257,0.01163079792204855,b0059,3.69
aroA,0.02614628721639073,0.01904914929840441,b0908,5.706
queF,0.02986145175852194,0.024272663398371,b2794,4.775
rnk,Inf,Inf,b0610,4.504
rpoC,0.01354705247900301,0.00784298330343694,b3988,6.715
zntB,0.04173658740358067,0.03061082731151047,b1342,3.982
ymdB,0.04193501012051214,0.07879974096119928,b1045,4.114
suhB,Inf,0.03586203027420218,b2533,5.016
bcsC,0.05907723050295641,0.00946242263439875,b3530,2.817
creD,Inf,0.0161935954727782,b4400,2.012
argP,0.03052181654204381,0.0221287346018582,b2916,4.635
anmK,0.02734876704652617,0.02521383363196297,b1640,3.823
mdh,0.02990146647268159,0.03300311170149552,b3236,7.554
rraB,0.1050356978879706,0.1128875,b4255,6.959
purN,Inf,0.0371213770902516,b2500,5.247
dmsD,0.04371765590109746,0.03565713706039068,b1591,3.907
bcsB,0.01990917824653102,0.01128258492892988,b3532,2.17
btuC,0.10010391922122576,Inf,b1711,3.224
chbR,Inf,0.01906299464168564,b1735,2.993
yidC,Inf,0.02006492800590541,b3705,5.723
kefF,0.03878131441970729,0.04239663105179168,b0046,3.251
hcp,0.01884416483343216,0.0176637093468652,b0873,0.7106
alkA,0.04309507698243962,0.0290259680688194,b2068,2.833
nudB,0.08753511589821114,0.04898635122785972,b1865,5.014
trxB,0.03026099336157301,0.02447664500152071,b0888,5.884
efeB,0.02372368190674219,0.01548417063526414,b1019,3.529
lpcA,0.07721361574933003,0.08366468212649733,b0222,5.961
tilS,0.03337963730091662,0.02588026756674111,b0188,3.687
cysW,Inf,0.03421359641362891,b2423,4.786
dppB,Inf,0.025065514469357172,b3543,3.394
pheS,Inf,0.02577147598895957,b1714,5.25
proP,0.02969280083743986,0.01787068666445367,b4111,5.279
lpxA,0.04956364929553741,0.02822797280412222,b0181,5.894
metK,0.03114886701003285,0.02381459962906467,b2942,6.436
djlA,0.03221723194006346,0.0243065996646397,b0055,3.676
ribB,0.03957411059975163,0.04451219609496615,b3041,5.552
ftsX,0.03127524027013528,0.02600317216222607,b3462,4.279
guaA,0.02647643048281905,0.01749438219473079,b2507,5.793
glnS,0.02289585434384058,0.01614837711314933,b0680,5.786
rsmB,0.02625259250169852,0.01758405009936987,b3289,4.238
wcaJ,0.02412950510814825,0.0189402436020307,b2047,-0.01795
patD,0.02703280794975381,0.01564544422028486,b1444,2.609
phoA,0.02665224897862515,0.01923001006943131,b0383,3.093
ftnA,Inf,0.06706855622143243,b1905,6.084
garL,Inf,0.02955880030242072,b3126,0.9953
cydB,0.03773549093991116,0.03752843534342026,b0734,6.172
msbA,0.06774141007799885,0.01442067497789394,b0914,4.678
oxyR,0.0409734748427996,0.02121652432884896,b3961,5.028
yciA,0.06904875371143418,0.04945518822006916,b1253,5.201
sufE,Inf,0.06408613040123458,b1679,4.393
metG,0.02186295924899997,0.01344689098634364,b2114,5.473
prfC,0.02772594610724507,0.01517185409831022,b4375,4.912
rffG,0.030827725475104,0.02405187653566141,b3788,4.095
hisP,Inf,0.02585321889032097,b2306,4.163
efp,Inf,0.04814837976336712,b4147,6.84
acrR,0.03500237147825589,0.02814172334579322,b0464,3.799
entC,0.03612601141451831,0.0207434712255262,b0593,3.757
gabT,0.02749818600153314,0.02042479327741304,b2662,3.982
dnaC,0.05822906266583362,0.03293777552524562,b4361,4.058
lptB,Inf,0.02593540516177827,b3201,5.189
uxaC,0.02571415543013354,0.02352746001251125,b3092,3.256
hypD,0.02364706926045406,0.02281244494819988,b2729,3.7
paaB,Inf,0.08363095238095238,NA,NA
hrpB,0.02379799077060708,0.01794360641843725,b0148,3.284
lolA,Inf,0.04010994597033558,b0891,4.849
zapD,0.0781775575129721,0.03162698509361715,b0102,4.604
moaB,0.02596619820782912,0.04572309558573295,b0782,6.17
mraY,0.02641269005390169,0.03643435751079867,b0087,4.424
pncA,0.0408331739597149,0.03039764119065224,b1768,4.577
sucC,0.03331062316087532,0.02700801884101026,b0728,6.225
cysB,Inf,0.02273380484659479,b1275,4.998
yddG,0.04581605483524741,0.04364526487012339,b1473,3.615
rpsA,0.0837817912826152,0.02495500644197515,b0911,7.845
ftsK,0.01628813461938396,0.00705047949930195,b0890,4.77
dnaA,0.02466620667739045,0.01395030596469261,b3702,5.284
ves,0.0815232639352037,0.03097531578327742,b1742,1.238
sufC,Inf,0.02720854197456912,b1682,4.661
wzb,0.04862635424540186,0.06449228970434327,b2061,-15.98
lpxM,0.07580106981011493,0.0206791623597131,b1855,4.823
eamA,0.10383058939710588,0.02878841237146663,b1533,3.812
yccS,0.01467328205256462,0.0149263509426706,b0960,3.207
fadA,0.06014860209965489,0.02931427657032474,b3845,2.198
xylB,0.02619919190316228,0.0167595574334509,b3564,1.933
znuC,0.05275625328655631,0.04607167414372405,b1858,4.149
dadX,0.03343913928093338,0.02762512060825725,b1190,3.462
tdcD,0.0294821561895434,0.02467088409088576,b3115,1.221
secY,0.02296535746859734,0.01678006033695095,b3300,7.881
kefB,0.02133118801563821,0.01440935419886943,b3350,2.556
speA,0.01567294994768626,0.01609887419079361,b2938,5.633
mog,0.04112345689999348,0.03131688546562049,b0009,4.238
proB,0.048537426993778963,0.03657126888519765,b0242,5.569
barA,0.01514277090778104,0.00887427514195549,b2786,3.499
rcsA,0.05914795922700231,0.03578227917417511,b1951,2.606
gntT,0.03272937780829207,0.0285447935584004,b3415,2.838
pstC,Inf,0.03215306811436475,b3727,3.711
dusA,0.02659160999060519,0.02296937465534954,b4049,3.928
lsrK,0.0212156122776318,0.01566337882344333,b1511,2.352
aaeR,0.03486805635673785,0.02406980336697206,b3243,4.111
fhuB,0.0262945176013699,0.01938762511841834,b0153,2.387
rep,0.01818544819117422,0.01190699803550011,b3778,3.692
aceF,Inf,0.01711767997993365,b0115,6.212
rhlB,0.0414967901537118,0.01746217627487552,b3780,6.065
xapA,0.04130936035735302,0.02297381042519729,b2407,0.2432
uhpT,0.02830574861273515,0.02474536094982266,b3666,0.2914
hslV,Inf,0.09626613104648551,b3932,4.987
ftsH,0.06753817993437473,0.0128314692527712,b3178,6.263
yjfP,0.04339655660813613,0.0782399667931023,b4190,3.599
hemC,0.03297588126644034,0.02921607228500965,b3805,5.374
rsmD,0.05551741308234814,0.03384163738636526,b3465,4.168
pntA,0.02300751517343006,0.01618733061166061,b1603,7.028
sapC,0.03784373150492324,0.0298232303585456,b1292,2.788
dacC,Inf,0.01954704061893418,b0839,5.458
potA,0.03098333812209698,0.0171075189874265,b1126,4.425
purT,0.04246427252569883,0.01730540768430818,b1849,4.475
dapF,0.04025159543355818,0.02601894593486335,b3809,4.201
fadR,Inf,0.02497330205367265,b1187,4.732
kbl,0.030770709687704,0.02752392127407239,b3617,3.897
pqiC,Inf,0.03055585130057532,b0952,4.044
hydN,Inf,0.06406909558695273,b2713,1.124
cpsG,0.03122465886962229,0.01710096887370291,b2048,0.6773
nuoH,0.04421906630959636,0.03831476930836414,b2282,5.026
purM,0.02871715488763449,0.03101335765571946,b2499,5.443
rarA,0.0273202702689581,0.01738181604712648,b0892,4.202
wcaA,0.03092873350573361,0.03228609470673267,b2059,0.1323
uspA,Inf,Inf,b3495,7.814
caiT,0.02588384326881151,0.01821092592293387,b0040,0.11
hisH,0.04681290439279297,0.04212984346449904,b2023,5.998
cpdA,0.04019909259502834,0.02426169402407973,b3032,4.797
tsgA,0.03586450874800286,0.02545531048028064,b3364,3.432
glsB,0.03640018230298515,0.03191416776966087,b1524,3.701
galT,0.03854302999597005,0.0206927448980323,b0758,3.727
uvrA,0.01467290570652054,0.0084316290337641,b4058,4.24
chbB,Inf,0.2848426765923332,b1738,3.376
kdgR,Inf,0.03112952520334755,b1827,4.999
ubiH,0.02736081209392559,0.03002080968951531,b2907,4.312
tag,0.04857452095455759,0.0290901107116142,b3549,4.646
sapB,0.0402596589548576,0.02863004434523421,b1293,3.475
pgi,0.06766941583459501,0.01637243886481864,b4025,6.653
treF,0.04301091061217993,0.01504358385036511,b3519,4.08
malT,0.01511786260417679,0.01154982906236722,b3418,5.28
rpsL,0.1417671957671958,Inf,b3342,7.508
rseC,Inf,0.04547158446712018,b2570,4.26
rlmE,Inf,0.02792146750448546,b3179,6.182
ppa,0.09911633307169022,0.07351860086435408,b4226,7.394
nrdH,Inf,Inf,NA,NA
pssA,0.01924147493746585,0.01587813744523873,b2585,5.599
rimP,Inf,0.04238494062154777,b3170,5.709
era,Inf,0.02527457182164832,b2566,5.408
csrD,0.0183027474233294,0.0127096705907829,b3252,3.919
pptA,Inf,Inf,NA,NA
narI,0.03478523885608439,0.04404294976714285,b1227,3.402
fhuF,0.04950447062449377,0.02889273594786498,b4367,6.009
bcp,0.04279385635108037,0.05450405668812262,b2480,6.956
tehB,0.05372196057910344,0.02781121680882628,b1430,5.094
cpsB,0.02857235345332529,0.02082946477772417,b2049,0.7631
agp,0.02363731087541585,0.02177115632307094,b1002,4.602
nnr,0.02351527697797345,0.02266947775869928,b4167,4.346
yjjX,0.06684332330219189,0.03363569894211128,b4394,4.419
baeS,0.06883232709927459,0.01582235787945773,b2078,2.014
hslO,0.0329037256674038,0.03840784502903979,b3401,4.685
rfaD,0.07341680880674589,0.03380843931785572,b3619,5.938
rfbA,0.07449811987621399,0.02930694333116707,b2039,5.709
nikR,0.08406444349301492,Inf,b3481,4.027
ansP,0.02780890090056503,0.0183768248983596,b1453,2.166
pbpC,0.02458941649248239,0.01284880579342189,b2519,2.112
astA,0.03075765148738424,0.02122668863162838,b1747,1.681
rapZ,0.02899081301922644,0.02728580174240445,b3205,5.398
hofC,0.03621502641856478,0.01836091024005007,b0106,1.882
ybiB,0.04278684659563288,0.02422452080441175,b0800,5.275
fetA,0.02927682382063295,0.02937414862436621,b0490,3.955
rhaB,0.02264281634912874,0.01740300249589704,b3904,-0.2414
glnG,0.01982316879650676,0.01727211428098986,b3868,4.222
nirC,0.06365013915591577,0.05276956301858863,b3367,3.545
fbaB,0.02851322921959776,0.02467540264287604,b2097,6.101
prfA,0.05673926269450617,0.02408887056845858,b1211,4.184
eutC,0.03916240094481042,0.0295521005695631,b2440,3.453
treC,0.01791145991140649,0.01333786362191776,b4239,2.026
nuoG,0.01359661370198122,0.01112054388547295,b2283,5.618
znuB,0.10182446227966084,0.03644890478422635,b1859,3.33
rpoD,0.04584350574194578,0.01868778400335662,b3067,5.783
ftsP,0.06800075929543066,0.01959613535362142,b3017,4.532
cueO,0.02231737079850607,0.01528308046976239,b0123,4.874
mgtA,0.01644177909373907,0.00958078324081711,b4242,3.075
ettA,0.01869896144758586,0.01636081902086659,b4391,5.79
nusA,0.035201051657765,0.02209576003200518,b3169,5.697
pnp,Inf,0.01734679970512884,b3164,6.491
mscK,0.02663094548323495,0.00824238438204114,b0465,3.754
modF,0.02106680784195787,0.01641228345977028,b0760,4.515
atpH,Inf,0.05637825852040883,b3735,6.696
pyrI,0.04024642893582288,0.04962091344802383,b4244,7.771
mnmG,0.02341595108930936,0.01281785735267657,b3741,4.455
galF,0.03839623511712366,0.02133713551835861,b2042,6.478
lsrR,0.03154621307058018,0.03571956186850944,b1512,2.945
sdhE,Inf,Inf,NA,NA
atpG,0.07871706982729697,0.03545182177810704,b3733,7.354
astE,0.04598153281694005,0.0218676425901467,b1744,1.165
ldcC,0.016942675144345,0.01025125640085646,b0186,3.775
araC,0.02719948914650512,0.02660324769872883,b0064,4.097
araG,0.02170892355990756,0.02087546354444209,b1900,1.557
hslU,0.02248701058967741,0.02106597369735352,b3931,5.412
xylF,Inf,0.02314493068588743,b3566,1.245
uvrB,Inf,0.01085774009699408,b0779,4.571
hcr,0.03146116195985455,0.02526596336379729,b0872,1.527
thrB,0.02902221056639625,0.02100408164700563,b0003,6.61
pabB,0.02737751028641882,0.01671525007483538,b1812,3.36
ndk,Inf,0.08823012084916848,b2518,5.32
pth,Inf,0.03116758435814379,b1204,4.888
csgD,Inf,0.04438406290881377,b1040,4.301
amiB,Inf,0.01969126359211479,b4169,3.975
yidA,0.07804307165743823,0.03323210915348901,b3697,5.062
hycI,Inf,0.04316571192086302,b2717,3.912
thiL,0.03146433818698847,0.03363446555523772,b0417,4.259
selD,0.03023231643415093,0.02121393171227924,b1764,5.761
fabZ,0.11797869086180776,0.03767322833634126,b0180,6.721
serC,0.02786374734219512,0.02164058187578331,b0907,7.291
ampH,0.04495572034289247,0.02161827886781715,b0376,4.008
gsiD,Inf,0.04431941507494151,b0832,2.89
ulaR,0.02859494196298361,0.05138367224524961,b4191,3.772
phnL,0.08599801408331262,0.0468333496601525,b4096,-0.09917
ffh,Inf,0.01679442811696883,b2610,5.242
deoA,0.07384275520206343,0.02284669140675937,b4382,4.228
ptsI,0.02365653857775503,0.01472876815701117,b2416,7.469
nrdA,0.01615531389753,0.01321717233038452,b2234,5.211
rnr,0.01662843332318294,0.00978178672209503,b4179,5.124
nadD,0.07861041581874915,0.04068921074095642,b0639,4.398
ybiO,0.03277989488340083,0.01278773473838989,b0808,2.513
hdfR,0.03528564501365055,0.02310790111462478,b4480,4.259
clpB,0.0161849117570399,0.01096195333837456,b2592,5.636
arcA,0.0408322864441443,0.0363989694246346,b4401,7.126
kbaZ,0.02477641224818278,0.02386366044624854,b3132,0.436
leuC,0.02376118976680536,0.02225927319739476,b0072,6.7
dacB,0.02086165663282314,0.01739178981824922,b3182,3.807
pitA,0.0707499634246785,0.01823270904479299,b3493,4.792
hypF,0.01420831115274317,0.01524240437050959,b2712,2.531
pfkB,0.02810669656148116,0.02352474805203555,b1723,5.495
metC,0.0265373222201827,0.01854308973177688,b3008,5.03
murC,0.06621707007129043,0.02001767077222011,b0091,5.002
smrA,0.04217846725584821,0.03762456881756105,b1340,3.873
hycA,0.03996242830904003,0.09049389368055076,b2725,-2.114
maa,0.03685734625587909,0.03399209494061257,b0459,3.896
ttcA,0.03115158858442961,0.02031178473472647,b1344,4.441
cvpA,Inf,0.11988954229443809,b2313,5.214
pstB,0.04767651249084955,0.03233236508358095,b3725,4.517
wcaF,0.07014768420612578,0.04348631357642315,b2054,-10.7
phnP,0.04212969241249784,0.03696870118542876,b4092,2.607
narH,0.02278655432727628,0.02002226422995592,b1225,3.38
minD,Inf,0.0215916897596942,b1175,6.409
acpT,0.06403336685508754,0.05124312197473411,b3475,4.116
entS,0.03824784871306584,0.02913268528893028,b0591,2.454
thyA,0.03784726448814964,0.03252504306964553,b2827,5.088
hrpA,0.01185641630240232,0.00598710088840792,b1413,4.059
galS,0.02490487064100983,0.03314010019217527,b2151,1.676
speD,0.03633181221358796,0.0320082522882774,b0120,5.915
tcdA,0.05772949653728955,0.03635437440374701,b2812,4.128
zntA,0.02192207792622924,0.01234036006527564,b3469,3.852
selB,0.02169290207498676,0.01288421163345374,b3590,4.639
rhaS,0.0567257582073474,0.02439607823566034,b3905,1.438
epmA,0.02925228208243827,0.02284537978264993,b4155,3.414
ispF,0.17292379852366355,0.03995171874792801,b2746,4.581
msrB,0.04761167800453515,0.04089034481662686,b1778,5.526
mlaD,Inf,0.03860348088036957,b3193,4.846
fhuD,Inf,0.0302447021634862,b0152,3.41
tatC,0.03435266582392672,0.02844978635106476,b3839,4.94
rseA,Inf,0.04017765776344208,b2572,6.383
mnmA,0.03863787037530484,0.02353110599093668,b1133,5.286
hemY,Inf,0.02309723650916246,b3802,4.862
menE,0.02402306956607526,0.01956615782723086,b2260,3.254
rsmF,0.02402088422246572,0.01585105519730537,b1835,3.37
rraA,Inf,0.1368028982426304,b3929,6.945
garK,0.03028126004762364,0.02356732988883835,b3124,2.482
trmD,0.07690991083631776,0.02413362457223077,b2607,7.545
garR,0.0841832493134862,0.03403559553118573,b3125,2.85
pyrC,0.02743920784419414,0.02223441124443845,b1062,5.606
flhB,Inf,0.020039634921438,b1880,0.264
hisQ,Inf,0.03456628994763574,b2308,4.44
aaeB,0.01864212102454517,0.01300102572599004,b3240,1.565
phnF,0.03991795195063979,0.05001045800104417,b4102,-12.21
macB,0.0231154694395558,0.01142587152769113,b0879,3.289
mltB,Inf,0.02049165285546474,b2701,3.778
arnB,0.03021566523825726,0.02058409572407338,b2253,3.066
ghrB,0.02724504224825717,0.02223152992484076,b3553,5.839
aspS,0.02434900185492066,0.01605577562368661,b1866,5.598
ftsN,0.08084781557492747,0.02000444365532628,b3933,4.775
cbl,Inf,0.02035179352448979,b1987,4.171
asmA,Inf,0.01322325729231062,b2064,4.215
dcuS,0.01546701244988169,0.01379480405850498,b4125,3.523
fliI,Inf,0.02347051376981363,b1941,0.2902
cysC,0.08062843532729895,0.04285128410764467,b2750,4.319
csgC,Inf,Inf,b1043,-3.736
syd,0.05057584320841897,0.03044630044069609,b2793,4.531
rimK,0.03353472716757349,0.02521771781274388,b0852,3.481
fusA,0.02418758773201892,0.01642085512184609,b3340,8.337
rlmI,0.02837880658672367,0.02197733575618561,b0967,4.275
pepB,0.02852796738877611,0.02055249277520077,b2523,4.578
ubiB,0.02213705860790286,0.0108989668620876,b3835,3.863
fucR,0.03005054617633555,0.03601361916667116,b2805,4.164
mioC,Inf,0.15727523726448361,b3742,6.364
malZ,0.01743602827496873,0.01383519841784376,b0403,3.019
cfa,0.02352136779666865,0.02250427765519464,b1661,6.59
rfaH,0.08371682194484394,0.02881616159213561,b3842,4.276
gcvP,0.01205605832072274,0.01226758627983496,b2903,3.479
cytR,0.0261333445408284,0.01970447668380694,b3934,4.175
pyrE,0.08338450307427753,0.02932781307710615,b3642,2.57
csiD,Inf,0.02506904845875177,b2659,3.225
pepA,0.02583463161826467,0.0165049837580615,b4260,5.618
alaA,0.02403427149856321,0.02176167867934494,b2290,4.553
rmuC,Inf,0.02380206119472392,b3832,2.646
rpsD,Inf,0.03721824536623236,b3296,8.101
potG,0.028215601884828,0.02087776041803692,b0855,3.558
mdtD,Inf,0.02487572276665787,b2077,1.655
qseB,Inf,0.04343481454502316,b3025,3.015
nlpI,0.02117131714899474,0.0176880276523807,b3163,6.763
ribD,0.02907540337342788,0.02270425063263972,b0414,4.712
fnr,0.0356533004222434,0.0294667146212723,b1334,6.31
ilvY,0.03751109925770559,0.02327850540655201,b3773,2.451
malF,Inf,0.01944647652950313,b4033,2.791
mobA,0.0871986687989689,0.04552756226457525,b3857,3.824
mug,0.04872998514001262,0.02833794095002556,b3068,5.115
mpaA,0.04016431397345263,0.03305486356284976,b1326,4.666
umuD,Inf,0.07546749838988849,b1183,2.929
yceD,0.05676660024279071,0.04009107822386908,b1088,7.726
yiaY,0.0281974380471096,0.02776010422637378,b3589,-1.315
gmhB,0.0728975960869384,0.04434843292730198,b0200,4.614
cra,0.03381519758106666,0.01971981733599704,b0080,4.775
rpsM,Inf,Inf,b3298,7.656
cysJ,0.06490411181190911,0.01334651317643224,b2764,5.595
metF,0.03502029162089999,0.02449199266652181,b3941,5.26
ccmA,0.07434565157498312,0.03233696936803315,b2201,3.786
bcsG,0.01998412705207069,0.01561796837824007,b3538,4.144
zntR,Inf,0.09154222055937664,b3292,4.109
rsxB,0.03318557691344366,0.10470205180198314,b1628,3.854
leuO,0.03730357015673812,0.02054708492129739,b0076,2.031
yejK,0.02552805775481347,0.02105594007822999,b2186,4.729
purD,0.0329454109752078,0.02189020823488346,b4005,5.014
artM,0.12703508310375433,0.04376676292968185,b0861,4.108
metQ,Inf,0.06219793902999619,b0197,7.002
pepN,0.01475888361609596,0.01026099824362524,b0932,4.559
oppB,Inf,0.04100903022897805,b1244,5.496
gltS,0.03876265527241952,0.02719337695396862,b3653,3.878
flhD,Inf,0.21877543953869635,b1892,3.989
ung,Inf,0.02455404344913403,b2580,4.812
uvrC,0.01858612328055009,0.01234550209993758,b1913,4.643
dcyD,0.03222947695006518,0.02480366416766806,b1919,5.048
priA,0.01568516826415556,0.01278995169599251,b3935,3.186
rluF,0.06183101572584334,0.01976409703148675,b4022,4.783
ompA,0.03024920373469308,0.03426996997025219,b0957,9.643
mlaE,Inf,0.03577851390871098,b3194,4.621
ribA,0.06636644470043195,0.04577923820319554,b1277,5.173
pdeR,0.01766707019400287,0.01185886933857581,b1285,4.213
malI,0.03306250815109017,0.02819649736397878,b1620,2.627
umuC,0.03681727314222945,0.01508577517270179,b1184,2.024
ybjG,0.05467754374549734,0.10821191337237318,b0841,4.281
yigB,Inf,0.03754201186019368,b3812,4.383
trpA,0.03429382539632146,0.02688343730485261,b1260,5.954
aegA,0.01514635460507223,0.01258914049888037,b2468,2.311
rlmA,0.03539338832105235,0.02401092774723726,b1822,3.653
recD,0.02016607706555754,0.01389980035525579,b2819,3.383
asnC,0.0818760700135189,0.0700718912921294,b3743,3.429
der,Inf,0.01467559926384673,b2511,4.982
glgB,0.01145219831529687,0.01042884031785954,b3432,5.941
lsrF,0.04143925391482764,0.03225122512939313,b1517,2.457
pheA,0.02272224116284835,0.01944653108613024,b2599,5.382
nfi,0.0550980721014523,0.03055584826864961,b3998,4.319
sseA,Inf,0.03043726081538502,b2521,5.321
rihA,0.03206327303515772,0.02852397286047272,b0651,3.492
zupT,Inf,0.06584506546803374,b3040,4.626
murQ,0.03584779901568039,0.03756398637152133,b2428,2.814
folC,0.02760196347139951,0.01961280727355897,b2315,4.073
parE,0.01832575926634058,0.01310656798613259,b3030,4.494
avtA,0.02647145513001896,0.01569817476638725,b3572,5.416
cobS,Inf,0.02991309264884468,b1992,1.982
lysS,Inf,0.01901604144600459,b2890,6.22
sohB,Inf,0.01756828316782686,b1272,5.033
cutC,0.03284430853314078,0.03798196571567902,b1874,4.575
poxB,0.02066246670952818,0.01407356017985665,b0871,5.015
lysA,0.02686825311158871,0.02331899355950451,b2838,4.599
pldB,0.03011272153973617,0.02401666753866853,b3825,4.668
proX,0.02307179721352318,0.03104936379778938,b2679,3.809
rimO,0.02390220334172531,0.01959289048443407,b0835,4.137
gntR,0.03279306835623262,0.02005467597719248,b3438,4.661
tdk,0.03485716396498323,0.05382507983469521,b1238,4.616
ispU,0.03148143212174551,0.0255599254331311,b0174,5.15
sbmC,0.1103898818786774,0.0587549996850592,b2009,4.344
tehA,0.0357097498165933,0.03700476037383041,b1429,2.93
leuD,0.03225536323344764,0.04098931356740319,b0071,6.799
moeB,0.0308251189352003,0.0399872940321608,b0826,3.849
hypB,0.0415336045679768,0.03096977880386329,b2727,3.742
wcaC,0.02544591639230695,0.02017062212878068,b2057,0.1243
acrD,0.01821511534910561,0.00803555182167589,b2470,2.037
fhuC,0.08735943073577868,0.04965446055997166,b0151,3.427
fdnI,0.05012439585334939,0.0452643987007857,b1476,2.659
mepS,0.10431469508525786,0.03191550014702352,b2175,6.664
yqaB,0.08263020099558561,0.04873974577647824,b2690,4.691
betA,0.02212130824989826,0.01756265122754621,b0311,2.562
astD,0.03121203080106508,0.01520650903605622,b1746,1.833
ispD,0.03441511288477804,0.03197920740748204,b2747,4.114
wecB,0.03079905605784596,0.01755079941816423,b3786,4.469
rimL,0.03706291485390511,0.03788774786980319,b1427,4.277
plsC,0.03266267137396666,0.02580979635750881,b3018,4.423
menH,0.03020455833986449,0.0432329246096336,b2263,1.078
rffM,Inf,0.0291640383506555,b3794,3.636
potI,0.17320848285104387,0.03219016118458358,b0857,2.98
proQ,0.02901022050812716,0.02272967959924838,b1831,6.153
dbpA,0.04868164683200751,0.02024917954716263,b1343,3.038
rpsB,Inf,0.04688930861130351,b0169,7.936
yiiM,0.02797279397142691,0.02687210179145174,b3910,4.443
gyrB,0.01946604729662076,0.01361580172134299,b3699,5.203
lnt,0.04264020303745488,0.01844848029130335,b0657,4.059
csdE,Inf,0.04775408242171742,b2811,4.041
hemH,0.03366945098341407,0.02693020961886429,b0475,3.791
murF,0.03200158886304534,0.02429783779486451,b0086,4.93
fliH,0.07258610587188262,0.02814125584362192,b1940,0.9046
dapB,0.07381999059181689,0.04798508278184212,b0031,5.968
rplJ,Inf,0.06392766955266956,b3985,8.575
thiH,0.02422826126931355,0.01976552017058525,b3990,5.95
sdiA,0.03785034842502375,0.02324958650786195,b1916,3.594
ybeY,0.04275573192239859,0.07226964491903194,b0659,5.534
atpD,Inf,0.0243323719950438,b3732,7.449
dld,0.01957881886079167,0.01323379586466368,b2133,5.354
aroP,0.05491122088015212,0.02399553364579252,b0112,5.999
rbsC,Inf,0.03231308835042294,b3750,3.491
rplB,0.04643359686033679,0.02969600196788793,b3317,7.612
livG,0.02977569870540809,0.03506056983277474,b3455,5.209
dtpA,0.04256305987733638,0.02287484969426253,b1634,2.549
uhpB,0.02481185890580427,0.01933632912527214,b3668,2.321
dcuR,0.03149078980344962,0.02958299546003508,b4124,3.889
clpA,0.01813026345358472,0.00987824234122107,b0882,6.483
ydeE,Inf,0.02442933702404537,b1534,2.185
yoaE,0.0695056616891549,0.02291853377093404,b1816,3.71
fadI,0.02245447154105431,0.01971622487988913,b2342,2.257
cobU,0.08257564005708708,0.08522165334665335,b1993,3.627
yjjW,0.04510557342894816,0.03013511202849438,b4379,2.502
rnd,0.02687022523415576,0.02010251116180219,b1804,3.393
mmuM,0.03523753392610869,0.03837796430827656,b0261,3.485
srlB,0.16088673375686363,0.04869250541125541,b2704,1.314
argT,Inf,0.03255017361946212,b2310,5.295
frdA,0.01907187411596041,0.016733058720802,b4154,5.159
dmsB,0.03757687940389613,0.0387901261134148,b0895,3.743
ptsN,Inf,0.04625093408575551,b3204,5.649
spoT,0.019163933199989,0.01125730436776486,b3650,5.22
ligA,0.0237952178026918,0.01090471688223333,b2411,4.115
pabC,0.04307400313526405,0.02498669238796681,b1096,3.726
manA,0.0731795722960541,0.02210444142729049,b1613,4.88
cysS,0.02753258442187588,0.01845204412679096,b0526,4.899
dnaQ,0.03692172713889134,0.02778090134721941,b0215,5.004
nudI,Inf,0.03340213358070501,b2251,3.836
asd,0.03162887699970217,0.02009941255297595,b3433,7.318
artP,0.04928308059483792,0.04042867478654467,b0864,5.053
glpD,0.02254467453950823,0.01809499306420918,b3426,2.767
ssuD,Inf,0.01987859379449255,b0935,1.034
seqA,0.08071331427171571,0.03417917647828363,b0687,5.679
holA,0.029936537063218,0.02373071777479719,b0640,4.457
rluB,0.07354294529051146,0.02778216090221034,b1269,4.842
thrC,0.02868794910751404,0.01585200358653958,b0004,6.578
eptA,0.0186030965071159,0.01601029195793038,b4114,1.906
yicI,0.01380644898044529,0.00948751321026052,b3656,1.999
plsB,0.01539140066734471,0.01049706338438025,b4041,4.717
folD,0.03374105161456761,0.0265733256995419,b0529,5.192
recO,0.05439620321062899,0.02179438829647533,b2565,3.714
mreC,0.07394687755334375,0.02442886216987338,b3250,4.138
glyQ,0.03749246730130842,0.0285634903255719,b3560,5.898
bioC,0.0355473383939293,0.03743149466058842,b0777,3.054
lrhA,0.03158314325144259,0.02664549067100774,b2289,4.785
msrP,Inf,0.01759981757160096,b1971,3.671
pfkA,0.05204684790970047,0.03916273111758168,b3916,7.154
phnM,0.07204691906767868,0.02492285875683842,b4095,-0.5864
rpoE,Inf,0.02846360187593555,b2573,5.839
uhpA,Inf,0.06764170240064138,b3669,4.323
focA,0.03354998281066639,0.04452375621750222,b0904,5.733
sad,0.03144702911073554,0.01747437688414123,b1525,3.443
argA,0.02208027710486588,0.0157420922080853,b2818,5.738
treR,0.0340770749370065,0.02295372432663022,b4241,3.598
ptrB,0.01917937699710279,0.01177341373966215,b1845,3.528
malK,0.02784220972582496,0.02046339155242194,b4035,2.816
rcsC,0.01489474325495162,0.00813546667644864,b2218,3.762
metA,0.0219811510831326,0.02099987326132519,b4013,5.388
eptB,0.02320569930510253,0.0153139320500965,b3546,2.771
glk,0.05555319794667361,0.02362637211642526,b2388,4.737
mutS,0.0165006358694729,0.01086081104650859,b2733,3.508
rph,0.04736595702218509,0.03266783177880447,b3643,4.575
emrD,0.08131492168886935,0.05672522986334869,b3673,-1.401
kefG,0.08437549430229845,0.05855300413471411,b3351,2.539
pgpA,0.10904371271848648,Inf,b0418,5.636
thpR,Inf,0.0262330244134102,b0147,3.526
thiC,0.01653493094346157,0.01360632516504212,b3994,6.038
rimM,0.08049199942246357,0.05215960764853279,b2608,7.814
ugpC,Inf,0.02268692418655554,b3450,3.181
nadR,0.02856609957047791,0.01637141539257074,b4390,4.506
phnO,0.11930725623582768,0.05591325878013347,b4093,3.158
lplA,0.02935481909887342,0.02385722349915883,b4386,3.4
ugpB,0.0712651338025255,0.01823072714003957,b3453,3.649
bglX,Inf,0.01095134860339786,b2132,4.336
hemL,0.02483627837750492,0.0198446326505366,b0154,5.319
pgeF,0.04599368951752598,0.02158407076359103,b2593,3.931
ridA,Inf,0.096452664399093,b4243,7.578
ggt,Inf,0.0155412396471216,b3447,4.285
glpA,0.02226948918873671,0.02056253343025681,b2241,0.1701
ftsW,0.07276889359861277,0.02031131704864195,b0089,4.649
recQ,0.01887089335328753,0.01519475954537383,b3822,3.813
tam,0.02879630914133475,Inf,b1519,3.992
nhaA,0.03043508452900006,0.02245784778614015,b0019,4.118
rpsQ,Inf,0.20497732426303855,NA,NA
lepA,0.02428068889404348,0.01572836467082667,b2569,5.288
malG,Inf,0.03485254787073602,b4032,2.524
luxS,0.04730897409468838,0.03813767031028936,b2687,6.684
phoB,Inf,0.02453336137833015,b0399,3.674
carA,0.02328050452203391,0.01830483585793957,b0032,5.756
modC,0.07798474845231344,0.02484280673861884,b0765,2.963
wzxE,0.07690505825696989,0.02622165499722983,b3792,3.388
tusE,Inf,0.05647120024867277,b0969,4.526
hybC,0.01767452591102165,0.0195548471443511,b2994,3.543
nhoA,0.04086378535332262,0.03162789009849462,b1463,2.5
nuoC,0.03799050859568396,0.01389131830727152,b2286,5.635
xylA,0.03657816484146341,0.01724581161790196,b3565,2.87
pflB,0.02781891518683306,0.01592945725954088,b0903,7.81
norR,0.02479361291639391,0.01360394384327888,b2709,2.854
truD,0.04653520868123648,0.02178766690723679,b2745,4.791
yfcD,0.0434683748443147,0.03878596754283568,b2299,5.499
cyaA,0.01168634672586995,0.00928232637207074,b3806,5.464
glnD,0.01457394248135152,0.00870473294786575,b0167,4.012
rhaA,0.0371746972451921,0.01778413198664824,b3903,0.3333
trxA,Inf,Inf,b3781,7.677
araA,0.02875279094550142,0.01738967555159775,b0062,1.734
entH,Inf,0.05624684343434343,b0597,4.248
caiC,0.0178137403476116,0.01403888462578026,b0037,2.129
arnT,0.02983687376265154,0.01442233716521201,b2257,1.594
cyoB,0.02833708838898967,0.01604534184326725,b0431,6.164
ldtB,0.03298240839039214,0.02754817626139075,b0819,5.627
mlaF,0.0430721812122052,0.02303581835939703,b3195,4.872
proA,0.02527162278860584,0.02798968702956535,b0243,5.265
sufS,0.02770710832174691,0.02459550215959584,b1680,4.64
metN,0.02630716489391942,0.02183293049444988,b0199,5.245
ugd,0.0713611554298296,0.01743977370742177,b2028,3.095
tsaE,0.08479166900920147,0.07128470078101558,b4168,4.174
dapD,0.0375829850573404,0.03892363443394044,b0166,7.203
fdhE,0.03087083858782599,0.02877210894355218,b3891,4.25
shiA,0.03409135455596295,0.02014193590791562,b1981,4.201
fhuA,0.02153116794569105,0.01172548241719898,b0150,5.115
wcaI,0.04360348578886235,0.0201677046433926,b2050,-0.02163
emtA,Inf,0.02872718505862601,b1193,4.747
apaH,0.03804567797728375,0.0267424005628714,b0049,4.019
rhaR,0.03225131384187033,0.0274809997005971,b3906,0.9183
fieF,0.07955777954466928,0.05657175840150383,b3915,4.831
dacA,0.0206655432692278,0.02429276332942254,b0632,5.142
metB,0.0382601653622313,0.02416696074850305,b3939,4.601
ldtD,0.02655349764266883,0.01485482414561389,b0925,4.704
rpiA,Inf,0.05878737612183853,b2914,6.576
mutY,0.0332819977259062,0.0211399575245516,b2961,3.911
wcaE,Inf,0.02957474352997898,b2055,-0.9092
paaC,0.08122169732976382,0.02534532566822631,b1390,-0.6371
hda,0.04347714498122121,0.02670105967570579,b2496,4.735
lpoB,Inf,0.08870533484980676,b1105,5.323
dhaL,0.14994691816120392,0.0322863845970068,b1199,4.862
nlpD,Inf,0.02246256870777726,b2742,5.553
rstB,0.02556940566016245,0.02247980782723065,b1609,3.881
hybA,0.02974963635890607,0.0253149141268054,b2996,3.196
cyaY,Inf,Inf,b3807,4.887
araJ,0.0379106159470591,0.0244715501723902,b0396,2.625
cydD,Inf,0.02143144602709719,b0887,3.439
menA,0.03588414841977196,0.02959588741660576,b3930,3.585
pykF,0.03280143563719546,0.02317627202567575,b1676,6.847
modE,0.05882156668162729,0.03980711487760359,b0761,4.242
creB,0.083567593736498,0.02622130273602979,b4398,4.107
pyrD,0.03549442296105944,0.02228116136842708,b0945,4.947
gcvH,Inf,Inf,b2904,5.091
rsxD,Inf,0.04799748917015264,b1630,3.545
acs,0.02162253833549337,0.01365314036347572,b4069,3.372
fepC,0.03846544313229282,0.02147830075652097,b0588,3.166
psd,0.082467827579726,0.0219144491272195,b4160,5.355
