gene_id,NEUTRAL,SELECTED
rssA,0.03095367575914661,0.026158311322658306
hscA,0.016732456361135316,0.018312891387818907
ispH,0.03464549404606647,0.03340270124905084
dnaG,0.01954337605512333,0.010416262814231206
ldtA,0.02559673833652191,0.03103542311241984
tgt,0.02703150697633685,0.017926734984119952
pabA,0.03894769668362742,0.037097190728143103
napB,0.055331641530359486,0.057100223009313916
glnA,0.02980185068501644,0.020853826073134726
pgk,0.0604310662963206,0.026856239478257188
menB,0.041063108486701194,0.041447439862773924
argB,inf,0.057067221743532674
rseB,inf,0.021193240977006818
cysI,0.02558572235800157,0.0123897480740199
can,0.035884073044683266,0.04569443281310842
aqpZ,0.0978678257885556,0.042008206489399326
cysE,0.05394768002787235,0.02990258825423661
opgB,0.016016852569343827,0.009866178601210895
glgA,0.021982173759387293,0.01637519491634468
yjjG,0.03835601962811595,0.027850657462195928
thiK,inf,0.027971562148817946
lolE,0.07169996791867159,0.020828554372199347
leuA,0.020307208358304466,0.019164667311142067
arcB,0.012089174408798965,0.010439915001842772
recX,0.0692258988076406,0.05271176148661944
dcrB,inf,inf
sspA,inf,0.03438176140582939
recA,0.08748379083332412,0.031164943642191925
pqiA,0.02958615950463554,0.01725242896277656
nrfB,0.08598393678138934,0.03657985102519735
mrcB,0.07457629298327874,0.010017196791611976
proS,inf,0.017557574601569058
marR,0.08451027620121028,0.04383510974255023
pepT,0.04287769611110207,0.018725510561910907
murJ,0.07386065636197735,0.019609844359452015
potF,0.07392203382021668,0.021631039685600678
lysC,0.027291653111924403,0.02238809198323446
moaC,inf,0.09292587657098149
bssR,0.09397629930780113,inf
pmbA,0.02815567248204528,0.019372203638408653
secD,inf,0.015642431424576907
zitB,0.034316850246363786,0.021131197102668753
cspD,inf,inf
mltA,inf,0.02453014991941154
pta,0.03240978421512272,0.017100311249842744
frsA,0.02489558628118449,0.018351674509882766
yigL,0.030631091319584035,0.02805971956231163
mpl,0.023549665899156514,0.020586944552301548
glpX,0.03750005260438775,0.030264137290137036
mnmC,0.018795043551669437,0.011706298760866677
betB,0.033919925515254086,0.023385888318829953
nhaB,0.02829308384114887,0.017963538659433762
nrdI,inf,0.10159046310832025
dusC,0.04242985297280981,0.02900352710513839
trkH,0.039081665406949684,0.018081097335779298
bacA,0.03957805885618268,0.03377655771689547
zinT,0.07884303970902479,0.03275864666692444
rimJ,0.03859481602852814,0.032640169016953186
holB,0.027895059818086976,0.025527230356001844
ribF,0.03666323837775303,0.020931645441052613
sapD,0.03373182947303619,0.022092715505361887
hisF,0.035359427352627995,0.03356934206986206
lpxD,0.03500587838018744,0.02851318747825129
tdcB,0.0260800766035456,0.02645829910832336
ftsI,0.015583537972938225,0.014030504771353399
nagK,0.03356297026333939,0.02854461863154742
exuR,0.024485833481126845,0.031050608647804106
gcvT,0.02163060707615245,0.02266381532664441
udk,0.07223610845086409,0.03645638647009262
paaK,0.024083460551508108,0.016001926583950922
cysQ,0.058341457659213225,0.036968879947378165
ackA,0.03600799805808324,0.023418524975784484
fixX,0.18259410430839002,0.08936460695389266
hemG,inf,0.030985822156605305
hemN,0.021696521019760114,0.016822320508516793
fabA,0.1419046667618096,0.05264874135548072
rbsD,0.08084567953290897,0.06125213328338328
phnC,0.0411256623192416,0.03593176694336181
tatD,0.0548233291363854,0.027836492938950293
rpmE,inf,0.2980183531746032
sseB,inf,0.023550811014137408
pepP,0.022353758004541258,0.019804544093316882
speE,0.03678805695884422,0.028113314602891973
gabD,0.036197770727822084,0.02142832639206552
deoD,0.09797603903333399,0.04050470035110867
yhhY,0.042742674411973866,0.05747986038232251
mliC,inf,0.0732689037153323
recN,0.018814785766753103,0.020319237037289117
queA,inf,0.022425814937529636
aroC,0.031680375390020894,0.02372028967148407
psiE,0.10298374625984516,0.04406813119725207
adk,inf,0.058769910186753836
citE,0.08229468434095714,0.037017534106309785
rng,0.022675852072626873,0.016453360944797428
cydC,0.06941265054149261,0.015784165177553263
purL,0.010319397130903397,0.007479957412636366
mrcA,0.02089461774792702,0.01032855984895529
gstA,0.07808997493179164,0.027267596896249496
ubiE,0.07843357692382354,0.027334215476138714
hxpB,0.10639233353524477,0.04110047082246757
nth,0.035805922340525105,0.026338143565889777
phoR,0.02866697484352092,0.0177508400150787
nfuA,0.07252388189370325,0.04594069235307929
glpQ,inf,0.01824070660387514
galR,0.028482882816496507,0.030717890056776647
clcB,0.028386152495453697,0.03602448137331846
ulaD,0.07872527532724458,0.06523664303006502
mnmE,inf,0.018401236420465903
dnaE,0.012692512984068894,0.006476264312738214
maeB,0.017725139046430496,0.01109931926517896
tdcA,0.027947360875037297,0.019356344583156052
hflX,0.02641160619635709,0.019719493548585036
brnQ,0.036116356529574914,0.03536884603620442
rnhB,inf,0.04494878678320238
nuoJ,inf,0.058920886102183455
cho,0.037067060747016205,0.027540723733952416
kdgT,0.08727729252011211,0.027597818887304337
fumC,0.025760954259987968,0.017449657868239783
otsB,inf,0.02645751275919696
recG,0.022844144466831307,0.01270926740228569
pxpB,0.03863973756511671,0.0359700799831808
rpsN,inf,0.1760660306053975
rne,0.018362714700028943,0.010059804732880243
yegS,0.03321880038005971,0.02935749836146861
ligB,0.029158336044097566,0.014189914209572585
ubiG,0.04211573595353965,0.02721811358375347
dusB,0.028646152515734623,0.019339092132026735
rlmG,0.033893553753512426,0.018505472526938075
def,0.03220737375499281,0.0422954951699398
dinG,0.01678749258177265,0.011171554616428556
cycA,0.036075529039154945,0.015448004932683147
nudK,0.028534696987993692,0.04698250048728518
citF,0.02452579428265,0.024143976290080593
napC,0.03724678031604438,0.03132342078273751
purF,0.020792301093731903,0.019695150581246167
glpB,0.020413967527899014,0.020730473862603554
pyrB,inf,0.029640471706511424
cof,0.03862771370733583,0.029279081340264787
kdpB,0.023359594844479404,0.013362608117882868
ldcA,0.029988768806950627,0.025845619664317466
pdxJ,0.1504402961326981,0.04759022444532915
artJ,0.04781305940854018,0.040380106230826045
cysM,0.04424107079277967,0.023832581866183596
speB,0.03359925869126852,0.027561744817285794
qseG,0.04422760716348634,0.02526059861331555
ygfZ,0.043898290450316076,0.022045996953534035
gudD,0.027736503895898483,0.020354439732401336
asnS,0.040948891524556115,0.01880120675903484
ilvA,0.027633176204571435,0.01804151255793384
bglJ,0.04306344622020084,0.02584272156899748
argC,0.02859486660941682,0.029395204932897878
agaV,inf,0.04350652571634715
astB,0.023160291381150444,0.021617564424148562
metH,0.011799504735224068,0.007404272015205533
phoQ,0.02009186778745531,0.014436300689362646
rodZ,0.07333003817576238,0.023778871506924495
flgH,inf,0.03827258950386183
nlpE,0.08029837813991345,0.0257053574298379
fbaA,0.049220584817571085,0.03832845891971527
gntK,inf,0.047792073650566355
setB,0.0387104138031921,0.023398866041867913
miaA,0.06994557615083798,0.02334369761404483
gapA,0.07648828345433722,0.04236926396408391
pcnB,0.029058522748612044,0.014423670723297343
srmB,0.0743005460831138,0.015121818279973517
nrdB,0.023941988079797513,0.02756161588587011
paaX,0.03784959448486181,0.022354494121094227
rof,0.07370181405895694,inf
lepB,0.030166829652711846,0.020074285002469248
grxC,0.10991071428571428,0.06353351757369614
bioH,0.05647430226962199,0.02605482576806662
purH,0.02701530692007123,0.018484077969775737
zwf,0.021719460988434622,0.01606429905123644
yfcE,inf,0.0462816387786007
rbsK,inf,0.027539484993458773
menC,0.02713245587246586,0.031627143776675457
leuS,0.017220265462631675,0.010881551354077706
argE,0.0246695639019616,0.02192347207927754
ispG,0.030814630576240055,0.028617199895347153
glgX,0.01594634465755969,0.01317385402584127
gutQ,0.02533004759103094,0.03511126747093672
rhtA,0.12319642252654532,0.02358600803953692
arnC,0.026931817729034378,0.022048214077861193
iclR,0.04533624121237445,0.0265041776704067
hycC,0.025848874608495255,0.020795552774510045
kdsD,inf,0.022937946725311367
accB,inf,0.07670434651133182
lsrB,0.06394354588672656,0.021130330215980302
cmk,inf,0.03197754805110438
argS,0.02044913321835221,0.015974437663480147
viaA,0.025140393689727016,0.018306087095219005
topA,0.01714672496175853,0.008646845962365242
fabH,0.03662169555330744,0.02464574447917224
bcsE,0.020847994430253064,0.016850168601974913
rppH,inf,0.03964602376108114
iaaA,0.040755955212657465,0.027796106849793115
phoH,0.02866355139972666,0.01561472891135144
dam,0.03009303104113511,0.018510766266393294
uraA,0.03289547523030652,0.02232573458023271
ampD,0.046524098123692834,0.03050440965390599
grcA,inf,0.06726127638194737
malQ,0.0172730066826164,0.011993298057338791
pncC,inf,0.045966938086291494
alaC,0.03040278457417368,0.019380606954210598
ptrA,inf,0.0077942116728110765
citC,0.026836880382796142,0.018355902582104504
galE,0.02568008384981063,0.02680170502033814
dppD,0.03177590012104583,0.028506430526805467
mukF,inf,0.020544072682165147
argR,inf,0.04375287881954519
araD,0.08334765455003551,0.031238235940788395
srlA,inf,0.0338857938634867
yeaG,0.018326638206360234,0.009760366174538862
aat,0.03854199164316153,0.02652705105567162
smpB,0.10062626839749027,0.054675192764260555
sbcB,0.021599843188250284,0.014578092313148687
atpA,0.03640234811146977,0.02592605706589631
livH,0.03200728893532898,0.044321699111674766
cdsA,0.051840253126659006,0.02502183346645704
aroH,0.02683810538370976,0.021210222475427205
acnA,0.01490185194493054,0.008694318399346142
glmU,0.02683286823296955,0.024417096293481187
mepA,0.0786107407320128,0.02374726073720611
yciV,0.0339311444146979,0.02383545111742755
nfo,0.03345068596689967,0.027047072503406145
ppnN,0.023443186097437636,0.01706574571552634
ulaG,0.028487655694256757,0.02482640464244178
ulaB,0.0938011828239101,0.18859363189720332
rplE,inf,0.03727111205859021
sufA,inf,0.0710494069422641
secB,0.054106238008023735,0.06934994522719298
nupC,inf,0.03036810147360358
ilvE,0.030062537988928113,0.030291862182858693
tpx,inf,0.06591179653679655
tsaB,0.04974678892840864,0.0598408090668169
gpmM,0.021429484078858963,0.01985143096852116
wcaD,0.07491477041665281,0.01823839732072494
btuD,inf,0.028468409209699168
malP,0.01406322002626947,0.010957062203017271
yfbR,0.08352515285296117,0.038245067925693835
uspE,0.0750684529235427,0.024973513876141346
gpsA,0.02816566776470967,0.0232164729036121
corA,inf,0.02310517208330639
nikA,inf,0.01604396509982734
tyrA,0.05403554894009906,0.0200673091922433
nrdR,0.08732900842844027,0.054056989361637546
aspA,0.026033947550473797,0.02330578643467577
nuoE,0.04599217437358464,0.03874261223084274
dnaX,0.02097895168095235,0.014153008567283574
mlrA,0.046971456740426916,0.03847712401524077
uspB,0.0927950596412135,inf
mtlD,inf,0.02431626899898162
fruK,0.07755206078666174,0.02763368417483482
citG,0.03263579354133064,0.027934999835394998
bamD,inf,0.03787747558716373
cmoM,0.05092186873672446,0.02831980750514831
nrfA,0.020770287810831806,0.015910690680545563
queE,0.04512515176576116,0.024390484821568196
narJ,inf,0.045262963910420964
malM,inf,0.031117364047035936
rna,0.035264085556540654,0.02495831298206705
minE,inf,inf
cyoE,0.03320167440985613,0.022829352786834546
sodC,inf,0.07006147428313578
flhC,0.04055759419152277,0.04824308456348292
fliZ,0.049355854310524645,0.030516922589923137
tadA,0.03717068930546704,0.05810361265718409
lpxK,0.03765041003341392,0.04423670536077824
leuB,0.02753974904620743,0.02347818442350565
plsY,0.03632194741343879,0.030359354191897014
pyrH,0.0842725392292492,0.036186784572328795
aroL,0.10181851899008762,0.08714984052547388
hslJ,inf,0.09065885659661875
metJ,inf,0.10488828989573037
secA,0.03209143350635618,0.01078585520979938
envZ,inf,0.018789616353279408
paaI,0.05369278944360114,inf
amyA,0.019606630330608405,0.015543153737300988
sufD,0.025180269855358893,0.02004659614384059
fldA,0.05045137024107889,0.06008297136937564
phnN,0.045564899958218906,0.04049047093921247
entF,0.011434376779665401,0.008429592474439378
relA,0.015364286381755621,0.01240992254357769
glpK,0.03419379824882339,0.017464487086460784
greA,inf,0.04827754216809242
pgm,0.020662025251010248,0.01796113260378953
ruvC,0.08471870820169398,0.040751823916315676
elbB,0.10133476333963831,0.03404282213822934
gshB,0.03158180605818932,0.02167203785106058
acrA,inf,0.026476470407731857
glgC,0.025279674780458106,0.020972791595716373
rluC,0.07508843809846508,0.01964975648154573
sstT,0.02808843686590805,0.03327012524365291
rssB,0.038319975498320766,0.028433454789823804
wcaL,0.0509046424683425,0.01870000061873973
aas,0.022008115770702448,0.009443754481392359
glpT,0.026002116657073755,0.018845241302510727
ppdD,inf,0.054320054945054944
rffC,inf,0.056376499884826285
alkB,0.044164143559539834,0.038265984215306116
mreB,0.03665923697608827,0.02851449966277357
truA,0.051576961576772384,0.023085204856563298
gabP,0.03010965987601826,0.02144132241250098
cheA,0.02406356602846531,0.012920927281489102
rsmG,inf,0.03767911090607924
trkA,inf,0.016269697407713835
radA,0.04132574074908532,0.018584185803629905
wzyE,0.03727078124729941,0.02677141412080759
znuA,0.08066972280758318,0.016804522488481112
dut,inf,0.05442870435211122
tomB,0.12100200273712178,0.06386160714285716
arsC,0.10754200164914454,0.04053249301446417
ilvB,0.02137449205860132,0.015929613740705215
asnB,0.021477398536448,0.015227909199671713
gloB,0.03692521930685254,0.019585972000055213
pepQ,0.022409754348980678,0.022752486162446964
pflA,0.03611458157762654,0.03090657664151013
treB,0.02438107635260891,0.022644457464815044
pgsA,inf,0.06019098133492571
fetB,0.04088997061940785,0.037458272365506425
cybB,inf,0.03043223204811616
ileS,0.016936928791447602,0.009962776161455755
nuoB,inf,0.03132214339617614
ppx,0.024839462660044394,0.013437976378035916
dsbB,inf,0.04253107012035584
tyrB,0.026746359325127367,0.01888750042942372
tldD,0.021876449625776142,0.02001668132915839
csiE,0.024133346756706878,0.015465419583243377
entD,0.03493470903320468,0.028087306253725467
lapB,0.0270739727815034,0.025367386474393933
ppc,0.016465554976757796,0.011294099745165032
nuoI,inf,0.041030516627223845
fadB,0.024101360504834763,0.01216753573454465
ydfG,0.082933529858318,0.04917075677009975
carB,0.014829153774314785,0.009957719958360905
rlmB,0.057204755626603876,0.03897934446109599
msrA,0.03957954125233947,0.033463985967733485
fre,0.040071052985206836,0.0313646436248919
mdtG,0.07385062612330667,0.02374486982596494
hflD,0.08042517313593997,0.040110831132592006
ptsG,0.03181731029413928,0.02146961523829093
yfcF,inf,0.026666468012764944
gntU,0.0405544788998726,0.025840832201989194
argG,0.02292145293136495,0.018997418594865225
dgt,0.02184892112436044,0.014276588114795727
sbcC,0.01483318959617451,0.00861039381445302
bioD,0.09367718408892949,0.02772543592820359
nudC,0.03633490966565735,0.03123249173060793
nikE,inf,0.03233361382510659
dsdC,0.026721145965356193,0.03161875087544524
norW,0.030617833940501243,0.025816311020697653
ftsA,0.02423388558973439,0.03877760109526352
lpxB,0.03016024205135559,0.016101702890513044
rpoA,0.048362692688052024,0.021443891552071267
cheR,0.07489702634645076,0.026850498245876514
citX,inf,0.08654863813689365
arnA,0.01625605142734305,0.01259529493455732
pgl,0.030253762462553308,0.02589686667558703
sthA,0.018491061126034564,0.01863054075068768
dinB,0.029406641245367886,0.019996061578929077
ghrA,0.03434743950094367,0.029833902284451576
gyrA,0.021393318619703276,0.012347722615741335
ubiI,0.026602987387479037,0.02078649259056892
holC,inf,0.042143671728149756
ydiK,0.03477645718112798,0.030530267946156337
cmoB,0.03142702191186346,0.022478743288129363
infB,0.0437181479047915,0.014267329835503502
rihC,0.03167337579218765,0.021457888963372328
ravA,0.0254045056573328,0.01688176924750817
prmA,0.027464418309314315,0.030999019746988286
uxuA,0.035566138731877896,0.025236481976374302
ahpF,0.029297167380268486,0.01706141315742352
emrB,0.025799668993340696,0.02049698604006599
recF,0.027671668396218117,0.01502749403722623
fabF,0.031042795821266216,0.021249618360192665
mrdB,0.023759096446777365,0.02680850619011276
dppC,0.054724943825223436,0.038858559263921365
iscU,0.08815172441795818,0.1970854377104377
slmA,inf,0.030217591012090872
csgG,0.11803536669670045,0.02686514788184396
idi,0.05021842789987976,0.03877653517568291
dcp,0.06438594711168008,0.010658841962407455
phoU,0.0428198830258795,0.08183281699380617
ogt,0.081133374561946,0.05906256467594022
zur,0.0712324809340098,0.03735064974422621
mukB,0.011388049525188496,0.007671259888024347
pxpA,0.034921529435648115,0.038150897158122955
pdxY,0.03247088286312152,0.03545816486050594
nirD,inf,inf
caiB,0.027739703161062574,0.021765248004202584
hemF,0.035323008857419694,0.023321090017647404
rarD,0.041428533160324514,0.028435139386169768
ddlA,0.02299960638311069,0.02084114746319652
lpxP,0.0418812649964296,0.02016811429967302
bolA,inf,0.03821534896480784
prs,0.03623646826082038,0.03443284791988687
ycjG,0.07063859238334899,0.021686893022497076
osmE,0.08662500000000001,0.15739335317460318
aroB,0.04191444774761707,0.019045635076390052
nagB,0.040445078685744276,0.029858952104459165
uspC,0.05456380774970517,0.04113908179012346
ptsP,0.019164526760714097,0.011173156721565358
prlC,0.022392701700578655,0.012127552550559483
purU,0.0267370098862084,0.02423934120321924
pdeH,0.04155257393513799,0.03786402066028414
rhtC,0.10802852367502461,0.035342307454049884
rpsK,inf,0.08394340882035478
rlmC,0.02607310469655567,0.01852532371097332
nac,0.03728963144815003,0.026238199360554753
caiF,0.05668248346170425,inf
wzc,0.020296043757962103,0.013768769727885394
potC,inf,0.05362922969121769
livF,inf,0.031155911737271398
gpt,inf,0.06605082996285544
rsmI,0.030971054712517744,0.029284878392434436
nadB,0.018755886492641795,0.015178295354880295
ilvD,0.019753651688728717,0.017720018252817646
bioF,0.036815828668921566,0.026798038470389994
ubiA,0.04959529651274916,0.03332624525487814
pyrF,0.07818280564374236,0.028743145234615793
ascF,0.02786978873548649,0.021554658741570802
sucA,0.01366165488388559,0.010305316101539192
minC,0.04083800269637946,0.030901759306960874
nadC,0.07501450261148786,0.02440935385060166
gltJ,inf,0.03332279373114092
plsX,0.048478721758037725,0.019640765506199625
dapE,0.03219983927905932,0.027870584836856824
tyrP,0.032583057517544235,0.02192766434239988
norV,0.0257568570142721,0.0189682131020059
yqiA,0.035989605409144206,0.08289553827328554
rlmH,inf,0.03402925073576358
edd,0.020186942566189216,0.015328968743399597
oppA,0.014254013057403387,0.015624409859288552
bioA,0.026957577985815113,0.02440438981569766
purA,0.03714083552528283,0.02430201923515421
gltL,inf,0.03529439709773089
yrfG,0.03248259688422596,0.028524782450373744
katE,0.06049354784705909,0.009085231185473558
lon,0.0177104935856572,0.013175888810769282
envC,inf,0.022017378008244985
folP,0.032375879608686944,0.022792607674829168
kdpA,0.027176175718855937,0.01866392996912164
oppC,inf,0.02291018768469128
aceA,0.03315853636103995,0.02205927512057344
paaZ,0.020862201795300152,0.010102794185370245
dsbA,0.08402457607327739,0.0773899996782965
nrdG,0.05298917748917749,0.0736181323721388
hypE,0.03093576888202255,0.027379622862441635
putA,0.010876237203117263,0.007440169740045509
rhlE,inf,0.020732135652498446
iscS,0.03015735178612706,0.02662054480625741
rcsF,inf,inf
polA,0.059392720828749676,0.008884614329698212
cysH,inf,0.03035833270972042
waaA,inf,0.019117493986680254
mscM,0.02416097753969798,0.009297676417050912
fldB,0.062125362181909796,0.16030908209530367
fimA,0.12873135877888048,0.22202195599314106
tesB,inf,0.02366523237769843
tamA,0.022549731200957743,0.013773424529832217
gss,0.016845010312619584,0.013848332840900663
dcuC,0.04478316407074223,0.02416498270292674
ruvA,inf,0.030336079014937085
lldP,0.027450537481661347,0.020662866374409287
ytfE,0.03568601548363454,0.03303047044649419
dppF,0.028556816171120807,0.02242399589364868
uspF,inf,0.040353501703661955
wcaB,inf,0.0699791775684633
clsB,0.06875336367743966,0.018562539911881264
rlmF,0.032338193008015825,0.020757138778704144
nusB,inf,0.12290784878158398
bsmA,inf,inf
lolB,inf,0.031612397883991436
srlD,0.03155249826359235,0.0348785156827359
tap,inf,0.025278695320902544
rseP,0.0726468827780287,0.013415407002031947
msrQ,0.12737572316900445,0.08545138932275712
mdtK,0.04956951226741836,0.020973115709912928
nuoL,0.04852387526223584,0.021481287110961554
fruA,0.030091593280888156,0.018432770534317876
ulaA,0.04327881827469399,0.0314462266135876
ugpQ,0.04137153370439085,0.033671676823557393
mltC,inf,0.022446413310926745
clpS,0.1857547717434081,0.0666820987654321
cobB,0.039567416944373324,0.024307497771235115
narW,0.04219533671456748,0.034948590188768405
ppiB,0.12659512741046833,0.07817970184802574
dsdX,0.03817834263967056,0.02042438835174836
mglA,0.024004263256950292,0.014530055718552998
tsaD,0.039823718046683484,0.021666233353521566
folB,inf,0.0982495733983829
lpxH,0.05488363976819014,0.032107366434798265
acnB,0.018155058398294142,0.01175342057401915
mltD,inf,0.019109849431133672
mprA,inf,0.046135178615844166
nuoM,0.027057985909496048,0.020859644499575686
sbmA,inf,0.024356956766011087
pstA,inf,0.03304811037470555
pdxA,0.03016524652813362,0.02583251745633194
dinF,0.02902356435911881,0.04291732714657734
cirA,0.0225166253462311,0.013434127101788158
rpoB,0.01677500017649582,0.0070403231152252254
recR,0.03959949216907455,0.036032810152606704
nfsB,inf,0.04031350490201725
ascB,0.024414658016624003,0.01586019178372755
tdh,0.03360650387537413,0.0258545666738837
murG,inf,0.02588353145203391
moaA,0.03342494751458705,0.02129664133127901
yejF,0.022951960117217424,0.01730777189705048
serA,0.039096395172281403,0.020209402801878374
zapC,0.05838723224332469,0.1591349059358572
nrdF,0.020349318711491333,0.02151497248142205
fdhD,0.03331136213751206,0.02394512881741052
folM,0.0336447044957965,0.03618632452927501
cysK,inf,0.022403316186755867
cyoA,inf,0.02147106062033355
hemB,0.03905522511027422,0.01951955449603853
sulA,inf,0.04356070366622315
rsmA,0.0785935261714634,0.02780701317649323
trmL,inf,0.03370664799350697
accD,0.03799693859043245,0.022249229090392637
hisS,0.025137901441149114,0.020531507076747543
potE,0.046640507343413656,0.03088626653742576
chbG,0.06310584967608675,0.0292381332208817
rsxG,0.032631736080011936,0.033984926063466606
degP,inf,0.023534879878843187
lptE,inf,0.050881838795331404
tamB,0.018746320759278064,0.007043279187200089
asnA,0.09536707324158722,0.025242790211447156
yccX,inf,0.12968283542755946
moeA,0.03990442578670078,0.021718887033449263
priC,inf,0.11287294790465206
ada,0.02749503336185366,0.020880934747241568
proY,0.07901621718479751,0.023545636479625015
dmsA,0.014228289492241381,0.010839043312024345
nfsA,0.03957428308385998,0.033362883686754705
rhaD,0.038971760878511105,0.029904424671790376
cstA,0.02156829945729679,0.015210827856834334
trpS,0.026810621332785382,0.024123842875931847
artQ,inf,0.037517442155127874
pgpB,0.09729499317438002,0.025762742866384747
yjeH,0.029497397534961924,0.02657281262052909
metR,0.03751984617382151,0.023213233353090463
dsdA,0.028569823200429056,0.01787925369109374
htpX,inf,0.037914021353803284
katG,inf,0.012106601763151615
menI,inf,0.045535519675130066
pphA,0.06418202523643465,0.03604142962740653
rsfS,inf,inf
selA,0.02578210001834878,0.01921849240333455
hpt,0.07659716255469007,0.05292918281526453
livM,0.07282660163730348,0.02127760549199691
rstA,0.032812564615487,0.026039496919776556
ilvI,0.02879438163728542,0.013600221295437982
nikD,0.08080302200447353,0.03895323390028315
trmJ,0.0417432674551988,0.05418321868408104
mtfA,0.04768159134242193,0.02504997944425704
cdd,0.03398985609010904,0.025606820984214965
ubiC,inf,0.042934948949536055
kdsA,0.03664958910544709,0.02989965008563404
deoB,0.03213686292680185,0.025924901781074105
mgsA,inf,0.07606681098365273
cobT,0.032580867857668554,0.051551608010511694
rplF,inf,0.07372072307213408
adhP,0.03655641343959057,0.027553221739213627
lolD,0.12964254112893514,0.03059041799529382
eco,inf,0.04377041120530704
rpoN,0.022102233930908204,0.017286218740462905
orn,inf,0.037424927302705954
thiM,0.07756519334441411,0.04933797381805241
proV,inf,0.017926696554645422
trmH,0.055129277909685005,0.03312610348672795
mdtC,0.01563971051128305,0.009214138228325432
rdgC,inf,0.024570473546196576
yfcG,inf,0.02416102294865459
adiA,0.017848153860539236,0.013145044105927145
cysZ,0.08123066955585416,0.03295911925035741
serS,0.038048746043625195,0.018051464785639303
truB,0.031756575277265275,0.026068335850890606
miaB,0.026632928023834556,0.0171983830694244
glpG,inf,0.030576721849524202
oppF,0.03352536155605794,0.01959507448514921
rhaM,inf,inf
epd,0.027495644941050355,0.028638890371306888
ftsE,inf,0.02855271715030522
caiA,0.03288906787344859,0.02136256036580076
ybgC,inf,0.04586088154269972
murB,0.026123749794283373,0.02314860298647417
rnc,0.07978574782970389,0.028140352789590976
putP,0.031882228268773835,0.02464149643154247
feoB,0.016611979478441348,0.013194977275221235
otsA,0.020795713749303953,0.015304025161329194
lpxC,0.03443990930171013,0.02650356061376777
yajL,0.0421396064702843,0.035382576096516266
ppsA,0.018622090966037647,0.011782583813826065
metE,0.01760037773557317,0.011042176041577246
nrdE,0.016361351574035697,0.010808649057584352
phnG,inf,inf
nuoN,inf,0.025712612277745975
gspE,0.027174140593844393,0.01811588192587915
tauB,inf,0.02597860124654016
creA,0.08732598358142107,0.051908279449488254
cmoA,0.03539453540243227,0.03235615451037135
galM,0.034187672528776615,0.020759481779475987
exoX,0.037558459849323725,0.0324339176879838
rluA,0.04451740428140066,0.03378868621209577
kbaY,0.02865408615838553,0.02556106403109399
iscR,0.06477157457926688,0.11073969723938114
trmA,0.027850493569515557,0.01966878467033883
mak,0.03306921972719292,0.023419806476843455
prmB,0.028019039815083174,0.03422651245359215
amtB,0.04280188165159094,0.022711351473676304
sucD,0.0747772557444464,0.04382377551901925
dnaJ,0.03331945550184117,0.018415119987612517
uvrY,0.03388041113131412,0.02070927708204494
cydA,0.02813584191239729,0.01597582162978002
iscX,inf,0.3075131094104308
argF,0.04250729842773845,0.02667050971169092
hisG,0.04993442789699658,0.027375843160708534
thrA,0.015611388142475844,0.010005843896521883
rsgA,0.0310018734845994,0.022118926730731
ompX,inf,0.09393178745857317
guaB,0.03731324041618802,0.02262880170217171
bamB,inf,0.02539678395891947
bcsZ,0.07157535084145801,0.017333424924750207
glpE,0.13270085470085474,0.08626877834467121
speF,0.012346247988566931,0.011009321450961916
panB,0.0378912846807288,0.032657343806963
ychF,0.03363902555891855,0.02164203998386536
hisB,0.034295667036414026,0.021943733606780178
sdaA,0.02345155460019488,0.021408668737796052
mlaA,inf,0.03706321251083347
gcvA,0.037038169884060654,0.02125492481202998
rsuA,0.07969509208848705,0.026198278224247046
hisC,inf,0.02794920438115597
fadJ,0.017755200537940802,0.009712316961661768
paaA,0.032672385265804106,0.020883840969827358
mdtH,0.03219862779763874,0.02368552072549876
lptD,0.01776651902886809,0.011234203729383321
aldA,0.05013134378255947,0.01472511769755027
actP,0.0703735596859174,0.02224302385204487
gltP,inf,0.02355446042147712
uhpC,0.02716432323142362,0.023195143347295673
yhjD,inf,0.021015780093734605
gltX,0.02416540960300124,0.018775198829668566
chaA,inf,0.02623612795761536
fimI,0.06571795983018065,0.03734111035068272
lldR,inf,0.025627420748509707
aphA,inf,0.028036583982083793
slyD,0.06252115777200859,0.0744520631022741
kefC,0.028222869263477196,0.015818689493155003
glmM,0.031793521208512435,0.019351141061380767
polB,0.019026572723355784,0.009336167031491217
glyS,0.0224827324190682,0.014116606079604535
lplT,0.034500629076834814,0.022203926819552473
ampG,0.024796238607089183,0.020712805751629062
mtr,0.05628724206950654,0.02409210719435829
nagA,0.02745768957207261,0.022249073526833602
dcd,0.09838363208531276,0.03945866867127555
hemA,0.03072550478003692,0.024876470051148368
menF,0.025660020880296182,0.018530447068680733
aceE,0.016608366375779424,0.013735770787668156
pspF,0.029542044852365123,0.020577725408417676
sfsA,0.042542882652923726,0.03136623607768866
caiD,inf,0.03852305224990279
queC,0.046167529191851346,0.03219636926328503
tsaC,inf,0.03264035053166488
pheT,0.017425269437484025,0.013404710195016349
panC,0.0790065088325677,0.026564189439547962
trpD,0.024120756869667446,0.01902397461703647
nei,0.03705873767657762,0.025080153406554735
adhE,0.01748281970448561,0.012598370485513178
sppA,0.06551883355593205,0.013263529247805198
nuoA,inf,0.049677385967346
fdx,inf,inf
bamE,inf,0.06069285872857302
dxs,0.01953880144841453,0.013788855935404689
nagZ,0.055400172592162324,0.024343115117110653
add,0.03530599345073422,0.023354503094652222
dapA,0.03282179229629499,0.025142595442589677
recJ,0.025638574572284505,0.01367898313264759
sanA,0.07938351817781836,0.025350766290007997
yebS,0.03088012192877728,0.02042211200386813
birA,inf,0.022266960072703578
rsmC,0.03040238694014736,0.021782221917242342
dksA,0.04898715078843284,0.06373925947789584
pdxB,0.03178565165477986,0.017546696979336616
murD,0.026580834081671122,0.01984979624290743
narQ,0.017038171752045375,0.015642690564643038
mazG,0.08358166989908411,0.03178889502698513
fliM,inf,0.02980606808775195
pncB,0.028922006489417385,0.01667864354070586
rlmD,0.02488495199552198,0.019033015012764637
yedA,inf,0.031667925506535397
sapA,0.038595737731793846,0.015041305782289396
fur,0.05202032227032227,0.11642234504112212
clcA,0.02866119488249693,0.01822679383672927
bcsA,0.014150927770015276,0.009579506408773844
gltB,0.009245606976834573,0.005832470191277811
murI,0.04516189660730306,0.022143741748814925
gloA,inf,0.1036710253936387
deoR,0.03296218661595729,0.02992139457191114
rsmJ,0.09499973621432947,0.026188655823666723
trpB,0.028044134476388483,0.019116850610825263
pdxK,0.02961924769860489,0.030632689014979855
ltaE,0.030306548189143384,0.02720367247755405
pepE,0.08562458558302546,0.03482534841382863
lspA,0.08262271510520809,inf
glpC,0.02530317106633546,0.020231630329398065
garD,0.020476530535748074,0.01673906809173438
purK,0.03411036420161236,0.022461395407581047
mukE,inf,0.028766675675322886
yccA,inf,0.029160745145419487
ansA,inf,0.02561751885959072
serB,0.04186789084924842,0.02523152376168686
yjfF,0.08076753560301744,0.027732522921256005
pheP,0.030169853371468536,0.022984348618524834
dsbC,0.033473440476930794,0.14943079747343158
gshA,0.02138852200975382,0.013550231020226886
nanA,0.044663731408991915,0.023829805777126317
fdoI,0.08272182633383932,0.03387554630114154
fucA,0.0408182071830956,0.02381051597798978
tyrR,0.02639158972497956,0.012949837528680784
ubiF,0.0509055514180205,0.021312604110833907
melR,0.028438271494102295,0.03213725067900618
wzxC,0.029218403960436002,0.019699610547009735
menD,0.02042326273095466,0.01800996766563034
livK,0.024211389558248093,0.024765515573486753
pntB,0.06992351990540215,0.02144013545282668
map,0.03726019234899208,0.032185878274914856
envR,0.06385615011253928,0.023707643912517163
glrR,0.021755262143003284,0.01712894656486298
proW,inf,0.029665956226048805
glmS,0.024465855737948967,0.019199676934225644
tyrS,0.024440656979148358,0.01886980412879487
thiP,0.03971430957133349,0.024079624384552037
kdsB,0.036915450207860925,0.03981309061430173
glnQ,inf,0.032337409727099566
dnaK,inf,0.018046946193813224
fucK,0.02303035354453937,0.017210832565966935
gph,inf,0.027941910649152038
csdA,0.042361207521968265,0.023299809671924975
dsbG,0.07016585443874934,0.044344969725810215
sbcD,0.027430544417514004,0.02320566382145027
rplQ,inf,0.06855413942053712
icd,0.031884757625441004,0.02268850527299686
rhaT,0.03059587259484318,0.02810654810733558
dgcN,0.07000333034177522,0.017656100136747458
sodB,inf,0.06978798325592157
purR,0.03337258981113163,0.022113207335046695
cysD,0.0733636775288245,0.026752649889372343
gsiA,0.03637048640108727,0.015344703084509005
queG,0.02803218831735601,0.01691033516620054
frdD,inf,0.06595067004074356
nuoF,0.02888714242072881,0.017654178463002674
tsf,0.09672092642793448,0.043276037597068
kdsC,0.03713922050492624,0.03309579840390263
lipA,0.030933701982013877,0.02140167893380291
thrS,0.015452322809190022,0.012647713917506244
aroF,0.026691995005719192,0.03513505713032815
recC,0.012204503251574426,0.00831005868333759
narX,0.021062643701742816,0.015016668448846774
smrB,inf,0.03514135635888883
panE,0.03304220093571026,0.04588591339487
argH,0.030749347068822146,0.021233943149870486
yjdN,0.03034109788173433,0.07738610595753453
dkgA,inf,0.03213833827949194
mraZ,0.04597099239144693,0.027397430569208785
ahpC,0.125892813885011,0.06119303556569416
fepG,inf,0.05734837146649648
fepE,0.025224729612669954,0.01897826936712748
dgoD,0.024803092807635086,0.02403847362370235
paaY,0.04702204060546396,0.0410211057075377
hisJ,inf,0.025890851470042858
nsrR,0.04614213617579003,0.033320704294850186
rcsD,0.014045729379108548,0.008795448984159711
rutR,inf,0.03009617071733289
mobB,inf,0.040525653424057104
hybO,0.027156023796417073,0.027176781710701838
parC,0.013586157913737889,0.011975003432426256
thiI,0.023463119030608628,0.021854679656073784
baeR,0.04108248694281521,0.03158120045055919
murE,0.02188787328875,0.024553805524922645
bamC,inf,0.03379991171176784
fpr,0.08235789962566684,0.028331803190351897
wecC,0.02491502988071196,0.018744444301901197
bamA,0.06375620282034307,0.01208383265123518
gdhA,0.027718566718300364,0.019228946817641628
aceB,0.020236471257014117,0.013617243590543868
xerC,inf,0.034669123591942845
folE,0.02903224178409804,0.03712634203471255
wcaM,0.024241790316779387,0.014807002910780282
livJ,0.06450842571441719,0.027402365170987576
sdhB,0.03165245333376222,0.031852644602955796
tolA,inf,0.02281297793946791
lipB,0.0431825912183055,0.03737146098499471
argO,0.05219138058846508,0.03877774752386335
kduD,0.07855902923363126,0.02741960513592778
fabI,0.06113545302192702,0.048096125135086175
deoC,0.0596490825313169,0.03751806258678554
nadK,0.026137924590968427,0.021739990770677346
fepD,0.10155079927488682,0.05729273607501877
potH,0.028901879589207303,0.02737595498839454
sufB,0.01883289771923216,0.015660155427927015
upp,inf,0.0362697503189514
purB,0.018565975887068913,0.019038741872955345
nadE,0.055412852968381186,0.022383453643068218
rluD,inf,0.022856787392638907
motA,inf,0.024165930736485177
nepI,inf,0.023857400099833538
fucI,0.01750907888715113,0.015201576865713015
yedE,0.03607290352881236,0.023755224424374752
copA,0.019025005095254413,0.012547883085725622
murA,0.029001545732646704,0.0213756705753901
groL,inf,0.03402774389606618
folA,0.03513723014014389,0.044518607795122955
hemE,0.046191022397262235,0.026008929609243222
rbsA,0.07069236294492029,0.01674364490551484
fliR,inf,0.06297859485655213
bioB,0.031119618811791667,0.023782334509260025
rsxA,inf,0.04363735928296368
clpP,0.0324135456773912,0.03303284089252482
panD,0.1312335269124485,0.057209112811791384
rfbB,0.027809021736771376,0.020923120662996432
glnE,0.015665496354063176,0.00929535650319903
araB,0.020649739083299524,0.020041319304732814
sgrR,0.02646787443518649,0.017577583293806057
hisA,0.04143225853846048,0.039945544212096416
alaS,0.015259540831546348,0.0100013048241109
cecR,0.04985075796131453,0.02368770689334614
napH,0.038029212388295826,0.030382453920357717
sixA,0.138216949107059,0.03751179466276868
rlmM,0.03171581196138641,0.019539419487441957
fes,0.02826600636520509,0.018013421229813368
endA,0.035159113967112424,0.03273821139161743
fucU,inf,0.06290889032358113
pdxH,inf,0.03435976110976763
rpe,inf,0.03291585136437858
fbp,0.03718234762253795,0.021160192145904744
cueR,0.056874999999999995,0.05088681033626713
xthA,0.030436267234629583,0.02692785435231138
eno,inf,0.04065581740104883
hisD,0.03967955618967658,0.01927968181564443
nadA,0.030145731712910316,0.018857371950256597
hybB,0.03605814028433031,0.026161754745419104
alaE,0.09754231274156087,0.2402932098765432
potB,0.1180459571721146,0.028432718898892585
fmt,0.055912829035375824,0.02322301323623605
tpiA,0.05241591928486498,0.046555765786008854
speG,0.08208345953758872,0.036984463821742426
ppiC,0.12712103174603173,0.135842197224773
rpmB,inf,0.1814885286070351
soxR,0.09470683645358971,0.03972296745192103
kup,0.02338615446904408,0.011444715057228948
thiD,0.06007826918341419,0.03492775438614423
fadD,0.019196092794821647,0.013119032149584445
modB,inf,0.05950333355499872
ulaC,inf,0.04889562074829931
fucP,0.0282301940874857,0.02793819986464917
sdhA,0.0206540250166444,0.019230505171045822
fimH,inf,0.08679344798264133
ansB,0.07251530418422109,0.03461741731431964
xseA,0.04670093656941,0.0148408140477758
lldD,0.028365407304613743,0.024692940108839156
epmB,0.04216286877449734,0.021669164915552864
dnaN,0.03762773716509211,0.02245378132797715
diaA,0.08478854419918912,0.05239689868876472
zraR,0.027202901038345356,0.020482998420225263
accC,0.022992050899755267,0.02255080240087972
ispB,0.05047502057989602,0.035501560557761595
rlpA,inf,0.03084472608559853
entE,0.02459385549001878,0.016344257613256523
mfd,0.012563818027899187,0.006978293213348281
fdrA,0.021833574546522506,0.019096125774730684
lsrG,inf,0.06731327947845805
fabB,0.033602749689542556,0.029254685871124685
idnO,0.07669642902006125,0.02835709917184068
galU,0.03154408190365265,0.03168830151377765
cysN,0.06819717386826757,0.01779437111195855
proC,0.03934595604427967,0.034444430048760535
queD,inf,0.060870290724186836
purC,inf,0.04117842932478679
prmC,0.04066166933971782,inf
prfB,0.08463337757681476,0.029145330656352993
dauA,0.029585030601759387,0.01920169039394449
dkgB,inf,0.031935886331505715
ispA,0.03819004486131887,0.021468922651202437
ilvC,0.026238493098396126,0.021285379941798598
aroG,0.029776571160598946,0.023201014449484032
yihX,0.034905822726310196,0.035458603985327866
hybE,0.11039477040816326,0.03448496575298767
hemD,0.03609176354780751,0.029885065362530282
panF,0.07093674334409408,0.020613401321585914
dgoR,inf,0.034248425430511174
wcaK,0.021697466279060662,0.025613704227269093
ubiD,0.02560535675765619,0.013798938998836342
solA,0.02916110021481525,0.021396633259749533
napG,0.03433324064964217,0.033266782600103253
infC,inf,0.03710884353741497
alr,0.03222390498665468,0.03145513180350494
nrdD,0.016826549364435246,0.012621051025548944
udp,0.04223493118637829,0.03304911756669323
gmd,0.02998546916452883,0.027028477196764978
napA,0.017183816048040142,0.010473061919220497
pdhR,inf,0.030261748571461897
pbpG,inf,0.03283959285177279
rbsR,0.03395586348943501,0.02877519451166119
mutM,0.04026825785611454,0.022673384292535365
hycE,0.023565216445470244,0.016276892054127523
lptF,0.03902830492273109,0.029271424485519056
fabD,0.0321921595603171,0.028937493070986066
thiG,0.030155427249451965,0.03411274568295989
fucO,0.03262507023409846,0.02057826484471857
pyrG,0.0211603573911675,0.015022527998587975
nhaR,0.02990775129673819,0.02145684120096656
rnhA,0.050811369847084134,0.03248064705856914
creC,inf,0.0153243333263636
clpX,0.026593213076222682,0.022230875090181762
kduI,0.032350601289356684,0.02705344524886381
aceK,0.019838390174718425,0.0146659688634122
ispE,0.03846647694779949,0.025436750449909173
tusC,inf,0.04762137085226247
mutL,0.01982617193020548,0.015798724079692898
aroE,0.04488736650010861,0.021684107847882373
dacD,inf,0.017579540096476443
glgP,0.01797447959581844,0.010679133302886694
rho,inf,0.01816347702587644
uvrD,0.017696457788922457,0.012420929105119098
ampE,0.03844270372008043,0.027096166462795727
mutH,inf,0.023467231548890737
yjiA,0.03431562139695908,0.030768908239962055
helD,0.019792984739616205,0.010586285932768731
crfC,0.01596141115254435,0.010495111681137407
galK,0.024575867408592956,0.023090905664778973
accA,0.07715560530221757,0.029065138928652028
pepD,0.02633833310748006,0.02082228900449784
rapA,0.019236411404432573,0.011630797922048554
aroA,0.02614628721639073,0.019049149298404414
queF,0.029861451758521944,0.024272663398371
rnk,inf,inf
rpoC,0.013547052479003018,0.007842983303436942
zntB,0.041736587403580674,0.03061082731151047
ymdB,0.04193501012051214,0.07879974096119928
suhB,inf,0.03586203027420218
bcsC,0.059077230502956414,0.009462422634398754
creD,inf,0.0161935954727782
argP,0.030521816542043813,0.0221287346018582
anmK,0.027348767046526178,0.02521383363196297
mdh,0.029901466472681593,0.03300311170149552
rraB,0.1050356978879706,0.1128875
purN,inf,0.0371213770902516
dmsD,0.04371765590109746,0.035657137060390684
bcsB,0.019909178246531028,0.011282584928929883
btuC,0.10010391922122577,inf
chbR,inf,0.01906299464168564
yidC,inf,0.020064928005905414
kefF,0.03878131441970729,0.042396631051791686
hcp,0.018844164833432164,0.017663709346865206
alkA,0.043095076982439626,0.029025968068819408
nudB,0.08753511589821114,0.04898635122785972
trxB,0.030260993361573018,0.024476645001520712
efeB,0.023723681906742195,0.015484170635264144
lpcA,0.07721361574933003,0.08366468212649733
tilS,0.03337963730091662,0.02588026756674111
cysW,inf,0.03421359641362891
dppB,inf,0.025065514469357175
pheS,inf,0.025771475988959576
proP,0.02969280083743986,0.01787068666445367
lpxA,0.049563649295537415,0.028227972804122228
metK,0.031148867010032853,0.02381459962906467
djlA,0.03221723194006346,0.0243065996646397
ribB,0.03957411059975163,0.04451219609496615
ftsX,0.03127524027013528,0.02600317216222607
guaA,0.02647643048281905,0.017494382194730797
glnS,0.02289585434384058,0.016148377113149336
rsmB,0.026252592501698525,0.017584050099369874
wcaJ,0.024129505108148253,0.0189402436020307
patD,0.027032807949753816,0.015645444220284865
phoA,0.026652248978625153,0.019230010069431317
ftnA,inf,0.06706855622143243
garL,inf,0.02955880030242072
cydB,0.037735490939911166,0.03752843534342026
msbA,0.06774141007799885,0.014420674977893944
oxyR,0.0409734748427996,0.021216524328848966
yciA,0.06904875371143418,0.04945518822006916
sufE,inf,0.06408613040123458
metG,0.02186295924899997,0.013446890986343649
prfC,0.02772594610724507,0.015171854098310225
rffG,0.030827725475104005,0.024051876535661414
hisP,inf,0.025853218890320977
efp,inf,0.04814837976336712
acrR,0.03500237147825589,0.028141723345793228
entC,0.03612601141451831,0.020743471225526208
gabT,0.027498186001533143,0.020424793277413044
dnaC,0.05822906266583362,0.03293777552524562
lptB,inf,0.025935405161778276
uxaC,0.02571415543013354,0.023527460012511256
hypD,0.02364706926045406,0.02281244494819988
paaB,inf,0.08363095238095238
hrpB,0.023797990770607087,0.017943606418437254
lolA,inf,0.04010994597033558
zapD,0.0781775575129721,0.03162698509361715
moaB,0.02596619820782912,0.04572309558573295
mraY,0.026412690053901698,0.03643435751079867
pncA,0.0408331739597149,0.03039764119065224
sucC,0.03331062316087532,0.027008018841010263
cysB,inf,0.022733804846594798
yddG,0.045816054835247415,0.04364526487012339
rpsA,0.0837817912826152,0.02495500644197515
ftsK,0.01628813461938396,0.007050479499301957
dnaA,0.024666206677390456,0.01395030596469261
ves,0.0815232639352037,0.030975315783277425
sufC,inf,0.02720854197456912
wzb,0.04862635424540186,0.06449228970434327
lpxM,0.07580106981011493,0.0206791623597131
eamA,0.10383058939710588,0.028788412371466635
yccS,0.01467328205256462,0.014926350942670603
fadA,0.06014860209965489,0.02931427657032474
xylB,0.026199191903162288,0.016759557433450905
znuC,0.05275625328655631,0.04607167414372405
dadX,0.03343913928093338,0.027625120608257253
tdcD,0.0294821561895434,0.024670884090885768
secY,0.02296535746859734,0.016780060336950953
kefB,0.021331188015638214,0.014409354198869437
speA,0.01567294994768626,0.016098874190793613
mog,0.041123456899993485,0.03131688546562049
proB,0.04853742699377896,0.036571268885197655
barA,0.015142770907781048,0.008874275141955497
rcsA,0.05914795922700231,0.03578227917417511
gntT,0.032729377808292076,0.0285447935584004
pstC,inf,0.032153068114364754
dusA,0.026591609990605197,0.02296937465534954
lsrK,0.0212156122776318,0.015663378823443333
aaeR,0.034868056356737856,0.024069803366972065
fhuB,0.026294517601369905,0.019387625118418347
rep,0.018185448191174226,0.011906998035500117
aceF,inf,0.017117679979933655
rhlB,0.0414967901537118,0.017462176274875525
xapA,0.04130936035735302,0.02297381042519729
uhpT,0.02830574861273515,0.02474536094982266
hslV,inf,0.09626613104648551
ftsH,0.06753817993437473,0.0128314692527712
yjfP,0.043396556608136135,0.0782399667931023
hemC,0.03297588126644034,0.029216072285009654
rsmD,0.055517413082348144,0.03384163738636526
pntA,0.02300751517343006,0.016187330611660614
sapC,0.03784373150492324,0.029823230358545602
dacC,inf,0.019547040618934183
potA,0.03098333812209698,0.017107518987426507
purT,0.04246427252569883,0.017305407684308185
dapF,0.04025159543355818,0.026018945934863355
fadR,inf,0.024973302053672656
kbl,0.030770709687704,0.02752392127407239
pqiC,inf,0.030555851300575327
hydN,inf,0.06406909558695273
cpsG,0.03122465886962229,0.017100968873702917
nuoH,0.044219066309596364,0.038314769308364145
purM,0.028717154887634495,0.031013357655719463
rarA,0.027320270268958106,0.01738181604712648
wcaA,0.030928733505733618,0.032286094706732674
uspA,inf,inf
caiT,0.02588384326881151,0.018210925922933878
hisH,0.04681290439279297,0.04212984346449904
cpdA,0.04019909259502834,0.02426169402407973
tsgA,0.03586450874800286,0.025455310480280647
glsB,0.03640018230298515,0.03191416776966087
galT,0.038543029995970056,0.020692744898032307
uvrA,0.014672905706520547,0.008431629033764106
chbB,inf,0.2848426765923332
kdgR,inf,0.031129525203347556
ubiH,0.027360812093925595,0.030020809689515315
tag,0.048574520954557596,0.029090110711614207
sapB,0.0402596589548576,0.028630044345234213
pgi,0.06766941583459501,0.016372438864818647
treF,0.04301091061217993,0.015043583850365116
malT,0.015117862604176791,0.01154982906236722
rpsL,0.1417671957671958,inf
rseC,inf,0.045471584467120185
rlmE,inf,0.027921467504485462
ppa,0.09911633307169022,0.07351860086435408
nrdH,inf,inf
pssA,0.019241474937465856,0.015878137445238732
rimP,inf,0.042384940621547774
era,inf,0.02527457182164832
csrD,0.0183027474233294,0.0127096705907829
pptA,inf,inf
narI,0.03478523885608439,0.044042949767142854
fhuF,0.04950447062449377,0.028892735947864987
bcp,0.04279385635108037,0.054504056688122623
tehB,0.053721960579103445,0.027811216808826287
cpsB,0.028572353453325296,0.020829464777724176
agp,0.023637310875415853,0.02177115632307094
nnr,0.023515276977973457,0.022669477758699284
yjjX,0.06684332330219189,0.03363569894211128
baeS,0.06883232709927459,0.01582235787945773
hslO,0.0329037256674038,0.038407845029039794
rfaD,0.07341680880674589,0.03380843931785572
rfbA,0.07449811987621399,0.029306943331167075
nikR,0.08406444349301492,inf
ansP,0.02780890090056503,0.018376824898359605
pbpC,0.024589416492482398,0.012848805793421895
astA,0.030757651487384248,0.02122668863162838
rapZ,0.02899081301922644,0.027285801742404456
hofC,0.036215026418564784,0.018360910240050075
ybiB,0.04278684659563288,0.024224520804411755
fetA,0.02927682382063295,0.029374148624366218
rhaB,0.022642816349128746,0.017403002495897046
glnG,0.019823168796506762,0.017272114280989865
nirC,0.06365013915591577,0.05276956301858863
fbaB,0.028513229219597768,0.02467540264287604
prfA,0.05673926269450617,0.024088870568458588
eutC,0.039162400944810424,0.0295521005695631
treC,0.01791145991140649,0.013337863621917767
nuoG,0.013596613701981222,0.011120543885472952
znuB,0.10182446227966083,0.036448904784226355
rpoD,0.04584350574194578,0.018687784003356626
ftsP,0.06800075929543066,0.019596135353621428
cueO,0.022317370798506077,0.01528308046976239
mgtA,0.01644177909373907,0.009580783240817115
ettA,0.018698961447585864,0.016360819020866595
nusA,0.035201051657765006,0.02209576003200518
pnp,inf,0.01734679970512884
mscK,0.02663094548323495,0.008242384382041145
modF,0.02106680784195787,0.016412283459770284
atpH,inf,0.056378258520408835
pyrI,0.04024642893582288,0.049620913448023836
mnmG,0.023415951089309363,0.012817857352676577
galF,0.038396235117123666,0.021337135518358617
lsrR,0.031546213070580184,0.03571956186850944
sdhE,inf,inf
atpG,0.07871706982729697,0.03545182177810704
astE,0.04598153281694005,0.0218676425901467
ldcC,0.016942675144345005,0.010251256400856461
araC,0.027199489146505124,0.026603247698728832
araG,0.021708923559907563,0.020875463544442092
hslU,0.022487010589677413,0.021065973697353527
xylF,inf,0.02314493068588743
uvrB,inf,0.01085774009699408
hcr,0.03146116195985455,0.025265963363797297
thrB,0.02902221056639625,0.02100408164700563
pabB,0.02737751028641882,0.016715250074835382
ndk,inf,0.08823012084916848
pth,inf,0.031167584358143798
csgD,inf,0.04438406290881377
amiB,inf,0.01969126359211479
yidA,0.07804307165743823,0.03323210915348901
hycI,inf,0.04316571192086302
thiL,0.03146433818698847,0.033634465555237726
selD,0.030232316434150936,0.021213931712279244
fabZ,0.11797869086180775,0.03767322833634126
serC,0.02786374734219512,0.021640581875783316
ampH,0.04495572034289247,0.02161827886781715
gsiD,inf,0.04431941507494151
ulaR,0.02859494196298361,0.05138367224524961
phnL,0.08599801408331262,0.046833349660152505
ffh,inf,0.01679442811696883
deoA,0.07384275520206343,0.022846691406759375
ptsI,0.023656538577755036,0.014728768157011176
nrdA,0.016155313897530006,0.013217172330384528
rnr,0.01662843332318294,0.009781786722095037
nadD,0.07861041581874915,0.040689210740956425
ybiO,0.032779894883400836,0.012787734738389896
hdfR,0.03528564501365055,0.023107901114624785
clpB,0.016184911757039903,0.010961953338374564
arcA,0.0408322864441443,0.0363989694246346
kbaZ,0.024776412248182784,0.023863660446248547
leuC,0.023761189766805364,0.022259273197394767
dacB,0.02086165663282314,0.017391789818249223
pitA,0.0707499634246785,0.01823270904479299
hypF,0.014208311152743172,0.015242404370509598
pfkB,0.02810669656148116,0.02352474805203555
metC,0.0265373222201827,0.01854308973177688
murC,0.06621707007129043,0.02001767077222011
smrA,0.042178467255848215,0.03762456881756105
hycA,0.03996242830904003,0.09049389368055077
maa,0.036857346255879095,0.033992094940612574
ttcA,0.031151588584429613,0.020311784734726477
cvpA,inf,0.11988954229443809
pstB,0.04767651249084955,0.03233236508358095
wcaF,0.07014768420612578,0.04348631357642315
phnP,0.042129692412497845,0.03696870118542876
narH,0.022786554327276283,0.02002226422995592
minD,inf,0.0215916897596942
acpT,0.06403336685508754,0.05124312197473411
entS,0.03824784871306584,0.02913268528893028
thyA,0.037847264488149644,0.03252504306964553
hrpA,0.011856416302402323,0.0059871008884079275
galS,0.02490487064100983,0.03314010019217527
speD,0.03633181221358796,0.0320082522882774
tcdA,0.05772949653728955,0.03635437440374701
zntA,0.021922077926229248,0.012340360065275642
selB,0.021692902074986763,0.012884211633453746
rhaS,0.0567257582073474,0.024396078235660347
epmA,0.02925228208243827,0.022845379782649937
ispF,0.17292379852366357,0.039951718747928015
msrB,0.047611678004535155,0.040890344816626865
mlaD,inf,0.03860348088036957
fhuD,inf,0.030244702163486206
tatC,0.03435266582392672,0.028449786351064762
rseA,inf,0.040177657763442086
mnmA,0.03863787037530484,0.023531105990936687
hemY,inf,0.023097236509162466
menE,0.024023069566075268,0.01956615782723086
rsmF,0.024020884222465726,0.01585105519730537
rraA,inf,0.1368028982426304
garK,0.030281260047623642,0.02356732988883835
trmD,0.07690991083631776,0.024133624572230776
garR,0.0841832493134862,0.03403559553118573
pyrC,0.027439207844194145,0.022234411244438458
flhB,inf,0.020039634921438
hisQ,inf,0.03456628994763574
aaeB,0.018642121024545176,0.01300102572599004
phnF,0.03991795195063979,0.05001045800104417
macB,0.0231154694395558,0.011425871527691133
mltB,inf,0.02049165285546474
arnB,0.03021566523825726,0.02058409572407338
ghrB,0.02724504224825717,0.022231529924840766
aspS,0.024349001854920664,0.016055775623686618
ftsN,0.08084781557492747,0.02000444365532628
cbl,inf,0.020351793524489795
asmA,inf,0.013223257292310624
dcuS,0.015467012449881695,0.013794804058504986
fliI,inf,0.023470513769813635
cysC,0.08062843532729895,0.04285128410764467
csgC,inf,inf
syd,0.05057584320841897,0.03044630044069609
rimK,0.03353472716757349,0.025217717812743883
fusA,0.024187587732018925,0.01642085512184609
rlmI,0.02837880658672367,0.021977335756185618
pepB,0.028527967388776117,0.020552492775200777
ubiB,0.022137058607902868,0.010898966862087606
fucR,0.03005054617633555,0.03601361916667116
mioC,inf,0.1572752372644836
malZ,0.017436028274968735,0.013835198417843765
cfa,0.023521367796668656,0.022504277655194645
rfaH,0.08371682194484394,0.028816161592135618
gcvP,0.012056058320722743,0.012267586279834968
cytR,0.026133344540828406,0.01970447668380694
pyrE,0.08338450307427753,0.029327813077106156
csiD,inf,0.02506904845875177
pepA,0.025834631618264676,0.0165049837580615
alaA,0.024034271498563218,0.021761678679344948
rmuC,inf,0.02380206119472392
rpsD,inf,0.03721824536623236
potG,0.028215601884828006,0.020877760418036923
mdtD,inf,0.024875722766657875
qseB,inf,0.04343481454502316
nlpI,0.021171317148994742,0.017688027652380707
ribD,0.029075403373427882,0.022704250632639728
fnr,0.0356533004222434,0.029466714621272302
ilvY,0.03751109925770559,0.023278505406552012
malF,inf,0.01944647652950313
mobA,0.0871986687989689,0.04552756226457525
mug,0.04872998514001262,0.02833794095002556
mpaA,0.04016431397345263,0.03305486356284976
umuD,inf,0.07546749838988849
yceD,0.05676660024279071,0.040091078223869085
yiaY,0.028197438047109606,0.027760104226373785
gmhB,0.0728975960869384,0.04434843292730198
cra,0.03381519758106666,0.019719817335997047
rpsM,inf,inf
cysJ,0.06490411181190911,0.013346513176432241
metF,0.03502029162089999,0.02449199266652181
ccmA,0.07434565157498312,0.03233696936803315
bcsG,0.019984127052070692,0.015617968378240074
zntR,inf,0.09154222055937664
rsxB,0.03318557691344366,0.10470205180198314
leuO,0.037303570156738124,0.020547084921297393
yejK,0.025528057754813472,0.021055940078229998
purD,0.0329454109752078,0.021890208234883468
artM,0.12703508310375433,0.04376676292968185
metQ,inf,0.062197939029996194
pepN,0.014758883616095963,0.010260998243625245
oppB,inf,0.04100903022897805
gltS,0.03876265527241952,0.027193376953968628
flhD,inf,0.21877543953869635
ung,inf,0.024554043449134037
uvrC,0.018586123280550097,0.01234550209993758
dcyD,0.032229476950065186,0.024803664167668063
priA,0.01568516826415556,0.012789951695992511
rluF,0.06183101572584334,0.019764097031486752
ompA,0.030249203734693086,0.03426996997025219
mlaE,inf,0.03577851390871098
ribA,0.06636644470043195,0.04577923820319554
pdeR,0.017667070194002876,0.011858869338575816
malI,0.03306250815109017,0.02819649736397878
umuC,0.03681727314222945,0.015085775172701795
ybjG,0.054677543745497346,0.10821191337237318
yigB,inf,0.03754201186019368
trpA,0.03429382539632146,0.02688343730485261
aegA,0.015146354605072238,0.012589140498880377
rlmA,0.035393388321052356,0.02401092774723726
recD,0.020166077065557547,0.013899800355255794
asnC,0.0818760700135189,0.0700718912921294
der,inf,0.014675599263846737
glgB,0.011452198315296872,0.010428840317859542
lsrF,0.041439253914827646,0.03225122512939313
pheA,0.02272224116284835,0.01944653108613024
nfi,0.0550980721014523,0.03055584826864961
sseA,inf,0.03043726081538502
rihA,0.03206327303515772,0.028523972860472722
zupT,inf,0.06584506546803374
murQ,0.035847799015680394,0.037563986371521335
folC,0.02760196347139951,0.01961280727355897
parE,0.018325759266340585,0.013106567986132595
avtA,0.026471455130018962,0.015698174766387255
cobS,inf,0.02991309264884468
lysS,inf,0.019016041446004592
sohB,inf,0.01756828316782686
cutC,0.03284430853314078,0.03798196571567902
poxB,0.02066246670952818,0.014073560179856656
lysA,0.02686825311158871,0.023318993559504515
pldB,0.03011272153973617,0.024016667538668535
proX,0.023071797213523183,0.031049363797789383
rimO,0.023902203341725315,0.01959289048443407
gntR,0.03279306835623262,0.02005467597719248
tdk,0.034857163964983236,0.053825079834695214
ispU,0.03148143212174551,0.025559925433131105
sbmC,0.1103898818786774,0.058754999685059206
tehA,0.035709749816593306,0.037004760373830416
leuD,0.032255363233447645,0.04098931356740319
moeB,0.030825118935200308,0.0399872940321608
hypB,0.041533604567976806,0.03096977880386329
wcaC,0.02544591639230695,0.020170622128780683
acrD,0.018215115349105616,0.00803555182167589
fhuC,0.08735943073577868,0.049654460559971664
fdnI,0.05012439585334939,0.045264398700785705
mepS,0.10431469508525786,0.031915500147023525
yqaB,0.08263020099558561,0.04873974577647824
betA,0.02212130824989826,0.017562651227546213
astD,0.031212030801065084,0.01520650903605622
ispD,0.03441511288477804,0.03197920740748204
wecB,0.03079905605784596,0.01755079941816423
rimL,0.037062914853905116,0.037887747869803194
plsC,0.03266267137396666,0.02580979635750881
menH,0.030204558339864497,0.0432329246096336
rffM,inf,0.029164038350655508
potI,0.17320848285104387,0.032190161184583586
proQ,0.02901022050812716,0.022729679599248383
dbpA,0.048681646832007514,0.020249179547162634
rpsB,inf,0.04688930861130351
yiiM,0.027972793971426917,0.026872101791451743
gyrB,0.01946604729662076,0.013615801721342993
lnt,0.04264020303745488,0.01844848029130335
csdE,inf,0.04775408242171742
hemH,0.03366945098341407,0.02693020961886429
murF,0.03200158886304534,0.024297837794864517
fliH,0.07258610587188262,0.02814125584362192
dapB,0.07381999059181689,0.047985082781842124
rplJ,inf,0.06392766955266956
thiH,0.024228261269313555,0.01976552017058525
sdiA,0.03785034842502375,0.02324958650786195
ybeY,0.04275573192239859,0.07226964491903194
atpD,inf,0.024332371995043803
dld,0.019578818860791675,0.013233795864663682
aroP,0.05491122088015212,0.023995533645792523
rbsC,inf,0.032313088350422944
rplB,0.04643359686033679,0.029696001967887933
livG,0.02977569870540809,0.035060569832774745
dtpA,0.042563059877336384,0.022874849694262536
uhpB,0.024811858905804278,0.01933632912527214
dcuR,0.03149078980344962,0.029582995460035087
clpA,0.018130263453584726,0.009878242341221076
ydeE,inf,0.02442933702404537
yoaE,0.0695056616891549,0.022918533770934047
fadI,0.02245447154105431,0.01971622487988913
cobU,0.08257564005708708,0.08522165334665335
yjjW,0.045105573428948165,0.030135112028494383
rnd,0.026870225234155765,0.020102511161802193
mmuM,0.03523753392610869,0.03837796430827656
srlB,0.16088673375686363,0.048692505411255416
argT,inf,0.03255017361946212
frdA,0.019071874115960414,0.016733058720802003
dmsB,0.03757687940389613,0.038790126113414806
ptsN,inf,0.046250934085755514
spoT,0.019163933199989,0.011257304367764861
ligA,0.023795217802691802,0.010904716882233339
pabC,0.04307400313526405,0.024986692387966816
manA,0.0731795722960541,0.022104441427290494
cysS,0.027532584421875884,0.01845204412679096
dnaQ,0.036921727138891344,0.027780901347219413
nudI,inf,0.03340213358070501
asd,0.03162887699970217,0.020099412552975954
artP,0.04928308059483792,0.04042867478654467
glpD,0.022544674539508234,0.018094993064209183
ssuD,inf,0.01987859379449255
seqA,0.08071331427171571,0.03417917647828363
holA,0.029936537063218006,0.023730717774797197
rluB,0.07354294529051146,0.02778216090221034
thrC,0.028687949107514044,0.01585200358653958
eptA,0.0186030965071159,0.01601029195793038
yicI,0.013806448980445297,0.00948751321026052
plsB,0.01539140066734471,0.010497063384380254
folD,0.03374105161456761,0.026573325699541905
recO,0.05439620321062899,0.021794388296475335
mreC,0.07394687755334375,0.024428862169873385
glyQ,0.037492467301308424,0.028563490325571907
bioC,0.035547338393929304,0.03743149466058842
lrhA,0.03158314325144259,0.026645490671007743
msrP,inf,0.01759981757160096
pfkA,0.052046847909700475,0.03916273111758168
phnM,0.07204691906767868,0.024922858756838428
rpoE,inf,0.028463601875935555
uhpA,inf,0.06764170240064138
focA,0.03354998281066639,0.04452375621750222
sad,0.03144702911073554,0.01747437688414123
argA,0.022080277104865882,0.015742092208085305
treR,0.0340770749370065,0.022953724326630228
ptrB,0.019179376997102794,0.011773413739662156
malK,0.027842209725824962,0.020463391552421942
rcsC,0.014894743254951626,0.00813546667644864
metA,0.021981151083132602,0.020999873261325196
eptB,0.023205699305102537,0.015313932050096504
glk,0.05555319794667361,0.02362637211642526
mutS,0.016500635869472903,0.010860811046508597
rph,0.04736595702218509,0.032667831778804474
emrD,0.08131492168886935,0.05672522986334869
kefG,0.08437549430229845,0.05855300413471411
pgpA,0.10904371271848648,inf
thpR,inf,0.026233024413410206
thiC,0.016534930943461576,0.013606325165042128
rimM,0.08049199942246357,0.052159607648532794
ugpC,inf,0.02268692418655554
nadR,0.02856609957047791,0.01637141539257074
phnO,0.11930725623582768,0.05591325878013347
lplA,0.02935481909887342,0.02385722349915883
ugpB,0.0712651338025255,0.018230727140039576
bglX,inf,0.010951348603397868
hemL,0.02483627837750492,0.019844632650536608
pgeF,0.04599368951752598,0.021584070763591034
ridA,inf,0.09645266439909299
ggt,inf,0.015541239647121608
glpA,0.022269489188736717,0.020562533430256817
ftsW,0.07276889359861277,0.020311317048641954
recQ,0.01887089335328753,0.015194759545373832
tam,0.02879630914133475,inf
nhaA,0.03043508452900006,0.02245784778614015
rpsQ,inf,0.20497732426303855
lepA,0.02428068889404348,0.015728364670826677
malG,inf,0.03485254787073602
luxS,0.047308974094688386,0.03813767031028936
phoB,inf,0.024533361378330152
carA,0.02328050452203391,0.018304835857939572
modC,0.07798474845231344,0.024842806738618845
wzxE,0.07690505825696989,0.026221654997229834
tusE,inf,0.056471200248672776
hybC,0.01767452591102165,0.019554847144351108
nhoA,0.04086378535332262,0.03162789009849462
nuoC,0.03799050859568396,0.01389131830727152
xylA,0.036578164841463416,0.01724581161790196
pflB,0.027818915186833066,0.015929457259540883
norR,0.024793612916393915,0.01360394384327888
truD,0.04653520868123648,0.021787666907236797
yfcD,0.043468374844314706,0.03878596754283568
cyaA,0.01168634672586995,0.009282326372070746
glnD,0.014573942481351526,0.00870473294786575
rhaA,0.0371746972451921,0.01778413198664824
trxA,inf,inf
araA,0.02875279094550142,0.017389675551597754
entH,inf,0.056246843434343434
caiC,0.017813740347611604,0.014038884625780266
arnT,0.029836873762651546,0.014422337165212015
cyoB,0.028337088388989674,0.016045341843267252
ldtB,0.03298240839039214,0.027548176261390753
mlaF,0.0430721812122052,0.023035818359397036
proA,0.025271622788605848,0.027989687029565356
sufS,0.027707108321746915,0.024595502159595842
metN,0.026307164893919426,0.021832930494449884
ugd,0.0713611554298296,0.017439773707421773
tsaE,0.08479166900920147,0.07128470078101558
dapD,0.0375829850573404,0.03892363443394044
fdhE,0.030870838587825994,0.028772108943552182
shiA,0.03409135455596295,0.02014193590791562
fhuA,0.02153116794569105,0.011725482417198986
wcaI,0.043603485788862355,0.020167704643392605
emtA,inf,0.028727185058626013
apaH,0.038045677977283754,0.026742400562871402
rhaR,0.032251313841870334,0.027480999700597104
fieF,0.07955777954466928,0.05657175840150383
dacA,0.020665543269227808,0.024292763329422547
metB,0.038260165362231306,0.02416696074850305
ldtD,0.026553497642668837,0.014854824145613899
rpiA,inf,0.058787376121838535
mutY,0.033281997725906204,0.021139957524551604
wcaE,inf,0.029574743529978985
paaC,0.08122169732976382,0.025345325668226316
hda,0.04347714498122121,0.026701059675705796
lpoB,inf,0.08870533484980676
dhaL,0.14994691816120392,0.032286384597006806
nlpD,inf,0.022462568707777263
rstB,0.025569405660162452,0.022479807827230656
hybA,0.029749636358906074,0.025314914126805404
cyaY,inf,inf
araJ,0.037910615947059106,0.024471550172390208
cydD,inf,0.021431446027097196
menA,0.03588414841977196,0.02959588741660576
pykF,0.03280143563719546,0.023176272025675758
modE,0.05882156668162729,0.03980711487760359
creB,0.083567593736498,0.02622130273602979
pyrD,0.03549442296105944,0.022281161368427088
gcvH,inf,inf
rsxD,inf,0.04799748917015264
acs,0.021622538335493376,0.013653140363475726
fepC,0.038465443132292824,0.02147830075652097
psd,0.082467827579726,0.0219144491272195
